Time;Head;Neck;Spine Shoulder;Spine Mid;Spine Base;R Shoulder;R Elbow;R Wrist;R Hand;R Hand Tip;
1525006025092;-0.217241 0.512699 2.27057;-0.180543 0.366206 2.26417;-0.177091 0.282039 2.27323;-0.191071 0.0232165 2.29496;-0.201549 -0.333251 2.30552;-0.0967881 0.217939 2.15692;-0.0225522 -0.000558509 2.15692;-0.0843261 -0.280232 2.09491;-0.0941093 -0.345351 2.08341;-0.0897962 -0.448116 2.0833;
1525006025101;-0.227887 0.50048 2.25884;-0.183407 0.361558 2.26472;-0.182453 0.27731 2.27361;-0.192524 0.0212308 2.29335;-0.202082 -0.333472 2.30299;-0.0937422 0.215246 2.16244;-0.0275679 -0.0136706 2.16244;-0.0049677 -0.139815 1.87633;-0.015296 -0.191875 1.70506;-0.0304636 -0.213067 1.65852;
1525006025137;-0.23021 0.495086 2.25368;-0.1884 0.35236 2.26434;-0.188169 0.269337 2.27313;-0.194311 0.016248 2.29135;-0.201651 -0.335047 2.30104;-0.0931265 0.212958 2.1656;-0.0258341 -0.014571 2.1656;0.0107851 -0.18496 1.80499;0.00407166 -0.237614 1.73155;-0.00852515 -0.272694 1.68685;
1525006025201;-0.235275 0.484719 2.23963;-0.19772 0.340048 2.25861;-0.195992 0.26035 2.26869;-0.19586 0.0136865 2.28906;-0.199801 -0.333533 2.29972;-0.0934985 0.21021 2.16617;-0.0184992 -0.0269834 2.16617;0.0467911 -0.240012 1.85566;0.0598225 -0.302728 1.77031;0.0540982 -0.348236 1.7279;
1525006025268;-0.238588 0.483757 2.22013;-0.204321 0.335587 2.2485;-0.205288 0.256313 2.25947;-0.210832 0.0118162 2.28209;-0.221428 -0.325685 2.29897;-0.0938364 0.208295 2.16371;-0.00626002 -0.037194 2.16371;0.111415 -0.25352 1.86254;0.135836 -0.309568 1.80679;0.141809 -0.355334 1.76323;
1525006025333;-0.241879 0.485493 2.20679;-0.209913 0.336736 2.23626;-0.212655 0.257901 2.24774;-0.222069 0.0150524 2.27136;-0.235726 -0.31868 2.29043;-0.0942105 0.208237 2.16016;0.0106356 -0.0387738 2.16016;0.145887 -0.192948 1.92502;0.207328 -0.280823 1.82386;0.221113 -0.321692 1.77858;
1525006025403;-0.245782 0.487668 2.19424;-0.217396 0.338149 2.22382;-0.221135 0.259663 2.23556;-0.232291 0.0178626 2.26005;-0.247028 -0.314064 2.28039;-0.0925196 0.210367 2.15475;0.0487154 -0.0195128 2.15475;0.206831 -0.172524 1.91324;0.266471 -0.229618 1.83015;0.284464 -0.267896 1.77993;
1525006025467;-0.251892 0.484134 2.18313;-0.223206 0.335477 2.21392;-0.227884 0.256926 2.22557;-0.24168 0.0149119 2.24953;-0.259964 -0.31711 2.26902;-0.0899456 0.210149 2.14911;0.0584782 -0.0150774 2.14911;0.223931 -0.129243 1.93665;0.307045 -0.167067 1.83572;0.341244 -0.192528 1.78154;
1525006025501;-0.255266 0.48087 2.17804;-0.227422 0.331612 2.20811;-0.232451 0.253217 2.21979;-0.247006 0.011721 2.2438;-0.265928 -0.319495 2.26333;-0.0885552 0.208601 2.14559;0.0669247 -0.0232845 2.14559;0.233967 -0.130391 1.93099;0.320118 -0.145559 1.84004;0.368824 -0.143613 1.77711;
1525006025602;-0.262269 0.475305 2.16703;-0.236804 0.324177 2.19483;-0.242408 0.246436 2.20587;-0.258611 0.00700721 2.22766;-0.279884 -0.32105 2.24347;-0.0884407 0.207271 2.14427;0.0708656 -0.0265442 2.14427;0.244583 -0.120278 1.93053;0.325866 -0.120455 1.83972;0.374702 -0.119504 1.77785;
1525006025632;-0.264452 0.474782 2.1628;-0.239611 0.324238 2.19162;-0.245258 0.246837 2.20235;-0.261482 0.00855707 2.22312;-0.282463 -0.317733 2.23761;-0.0885992 0.207408 2.14396;0.0715856 -0.0278308 2.14396;0.245911 -0.119257 1.9302;0.317298 -0.12833 1.83814;0.360149 -0.130668 1.78026;
1525006025668;-0.266543 0.476473 2.15942;-0.24261 0.326014 2.18868;-0.248353 0.248957 2.19915;-0.264719 0.0117214 2.21924;-0.285623 -0.313298 2.23311;-0.089253 0.208664 2.14299;0.0713141 -0.0287444 2.14299;0.245221 -0.12014 1.93064;0.305503 -0.143496 1.84251;0.341538 -0.150771 1.78192;
1525006025735;-0.270565 0.485 2.15285;-0.248316 0.333615 2.18155;-0.253881 0.256652 2.19198;-0.269578 0.0194586 2.21213;-0.289477 -0.305947 2.2264;-0.0936515 0.214705 2.14132;0.05501 -0.0312654 2.14132;0.215105 -0.15361 1.94807;0.27476 -0.187736 1.86106;0.308807 -0.209488 1.79539;
1525006025768;-0.272946 0.489116 2.14901;-0.252024 0.33664 2.17656;-0.257397 0.25972 2.18711;-0.272514 0.0226136 2.20764;-0.291677 -0.302758 2.2224;-0.0960926 0.217505 2.14004;0.0366469 -0.0215637 2.14004;0.194217 -0.154047 1.96409;0.258331 -0.21507 1.86722;0.286218 -0.245674 1.80139;
1525006025802;-0.274843 0.491114 2.14589;-0.25521 0.33783 2.17254;-0.260416 0.260941 2.1833;-0.275026 0.0238918 2.20446;-0.293539 -0.301472 2.22;-0.0992192 0.219558 2.13855;0.0291507 -0.0207193 2.13855;0.174866 -0.176106 1.97853;0.246362 -0.248525 1.87862;0.267782 -0.283472 1.82152;
1525006025834;-0.276932 0.493759 2.14148;-0.259868 0.338058 2.16484;-0.264576 0.261205 2.17648;-0.277792 0.0242188 2.19998;-0.294809 -0.301145 2.21795;-0.101348 0.220208 2.13726;0.0216138 -0.0195708 2.13726;0.161734 -0.189044 1.98903;0.231833 -0.278366 1.89293;0.24752 -0.314339 1.83936;
1525006025901;-0.281684 0.493482 2.13197;-0.268421 0.33773 2.15572;-0.272347 0.260854 2.16766;-0.283197 0.0238161 2.19232;-0.297283 -0.301559 2.21218;-0.105264 0.21945 2.13598;0.00537833 -0.0216004 2.13598;0.146165 -0.23577 2.01091;0.20375 -0.316834 1.94173;0.223649 -0.36617 1.89089;
1525006025933;-0.284659 0.495057 2.12701;-0.273555 0.338503 2.14972;-0.277341 0.261643 2.16172;-0.287574 0.0246221 2.18666;-0.300373 -0.300782 2.2073;-0.109768 0.219557 2.13561;-0.000380063 -0.0223344 2.13561;0.145345 -0.237431 2.01501;0.20047 -0.325823 1.96397;0.219202 -0.379111 1.92143;
1525006025968;-0.288293 0.49775 2.12303;-0.2794 0.341336 2.14622;-0.282846 0.264293 2.15802;-0.292081 0.0267585 2.18237;-0.303538 -0.299259 2.20219;-0.113393 0.221179 2.13645;-0.00757584 -0.0210325 2.13645;0.144978 -0.239207 2.02883;0.202323 -0.32687 1.9873;0.221031 -0.382722 1.94384;
1525006026000;-0.29306 0.50088 2.11817;-0.288455 0.344063 2.14086;-0.291252 0.26701 2.1525;-0.298567 0.029408 2.17642;-0.307577 -0.296715 2.19567;-0.11606 0.22273 2.13748;-0.0128856 -0.0214451 2.13748;0.149769 -0.237733 2.04519;0.212248 -0.320811 2.00855;0.231552 -0.375141 1.96518;
1525006026102;-0.309076 0.507901 2.10769;-0.314036 0.348491 2.12545;-0.315747 0.271407 2.13625;-0.319644 0.033635 2.15763;-0.323841 -0.292869 2.17335;-0.128058 0.228226 2.14324;-0.0188947 0.000840887 2.14324;0.181558 -0.189968 2.12131;0.260986 -0.264679 2.09083;0.299967 -0.318318 2.04394;
1525006026168;-0.323929 0.508842 2.09962;-0.329218 0.347663 2.11424;-0.330347 0.270628 2.12512;-0.33215 0.032947 2.14687;-0.333053 -0.293532 2.1635;-0.141269 0.231562 2.14691;-0.0155735 0.00703668 2.14691;0.224792 -0.168409 2.1584;0.303374 -0.220288 2.14389;0.352643 -0.261311 2.11448;
1525006026204;-0.331808 0.507494 2.09416;-0.334367 0.34633 2.10929;-0.335996 0.269307 2.11989;-0.339344 0.0316715 2.14072;-0.34225 -0.294725 2.15602;-0.147958 0.232709 2.14741;-0.0131372 0.0118036 2.14741;0.237495 -0.164111 2.16855;0.31929 -0.198479 2.1657;0.374348 -0.234939 2.14058;
1525006026232;-0.340244 0.504938 2.08816;-0.341372 0.343628 2.10317;-0.343157 0.266765 2.11387;-0.346827 0.0296086 2.13504;-0.349881 -0.296177 2.1508;-0.155 0.232056 2.14628;-0.012036 0.0159878 2.14628;0.196199 -0.111266 2.19169;0.296732 -0.161109 2.18889;0.354188 -0.210795 2.17253;
1525006026267;-0.347124 0.502535 2.08447;-0.347208 0.341156 2.09941;-0.349122 0.264357 2.11009;-0.353109 0.0274007 2.13116;-0.356469 -0.298111 2.14679;-0.162372 0.230714 2.14479;-0.014009 0.0203286 2.14479;0.1975 -0.106757 2.19782;0.303788 -0.146293 2.20665;0.364848 -0.192733 2.18717;
1525006026368;-0.363183 0.501229 2.07403;-0.362173 0.340277 2.09;-0.363626 0.263761 2.10063;-0.366186 0.027597 2.12158;-0.367688 -0.296982 2.13702;-0.182481 0.23283 2.14693;-0.0310052 0.0250601 2.14693;0.184736 -0.0898136 2.22287;0.284281 -0.116758 2.23313;0.359486 -0.129619 2.23214;
1525006026402;-0.368565 0.501092 2.07138;-0.368251 0.340323 2.08763;-0.369285 0.263908 2.09814;-0.370641 0.0280212 2.11879;-0.370745 -0.296229 2.13385;-0.188634 0.233835 2.14737;-0.0424785 0.0257668 2.14737;0.181342 -0.0897688 2.22662;0.274688 -0.119337 2.23641;0.361963 -0.134971 2.22949;
1525006026436;-0.372833 0.502658 2.06891;-0.373124 0.341707 2.08486;-0.373752 0.265273 2.09555;-0.373875 0.0293102 2.11668;-0.372461 -0.295089 2.13234;-0.19589 0.236615 2.14767;-0.0529183 0.0238003 2.14767;0.168589 -0.0909793 2.23188;0.259849 -0.127004 2.2361;0.344281 -0.144544 2.2216;
1525006026502;-0.378948 0.504638 2.06539;-0.383735 0.343499 2.08036;-0.383313 0.267067 2.09124;-0.38041 0.0310626 2.11302;-0.375561 -0.293497 2.12958;-0.208136 0.238711 2.14982;-0.105753 0.0243699 2.14982;0.130904 -0.117823 2.24219;0.223252 -0.159215 2.23554;0.301254 -0.18527 2.21669;
1525006026566;-0.38497 0.503433 2.06161;-0.390998 0.342587 2.07682;-0.390034 0.266371 2.08797;-0.385293 0.0309616 2.11055;-0.377828 -0.293053 2.12817;-0.220844 0.238826 2.15392;-0.116993 0.0201017 2.15392;0.0631775 -0.133296 2.24083;0.157327 -0.188974 2.23737;0.223541 -0.239943 2.2196;
1525006026602;-0.389322 0.502418 2.0579;-0.394538 0.341785 2.07368;-0.393503 0.265574 2.08507;-0.388361 0.0302408 2.10834;-0.379802 -0.293505 2.12691;-0.228219 0.238133 2.1562;-0.126764 0.0146628 2.1562;0.0918299 -0.181806 2.24446;0.166595 -0.230085 2.23496;0.225758 -0.266269 2.20488;
1525006026636;-0.393574 0.500333 2.05327;-0.398313 0.34069 2.07089;-0.396933 0.264573 2.08253;-0.390732 0.0295378 2.10653;-0.38078 -0.293802 2.12597;-0.232579 0.237848 2.15726;-0.136558 0.00849749 2.15726;0.0878595 -0.193468 2.24541;0.147276 -0.255346 2.23708;0.202649 -0.299475 2.20698;
1525006026733;-0.398336 0.500337 2.04641;-0.402856 0.340921 2.06459;-0.400375 0.264788 2.07751;-0.39168 0.029701 2.10449;-0.380362 -0.293664 2.12567;-0.237777 0.238032 2.1587;-0.152006 -0.00126519 2.1587;0.0287008 -0.226517 2.26592;0.0963824 -0.302885 2.26586;0.14302 -0.358424 2.23301;
1525006026800;-0.398843 0.501328 2.04334;-0.403961 0.341708 2.06113;-0.401237 0.265497 2.0744;-0.391683 0.0301722 2.10266;-0.379068 -0.293285 2.12511;-0.240556 0.239222 2.16052;-0.157793 -0.00117452 2.16052;0.0267998 -0.229026 2.2773;0.088552 -0.309048 2.29861;0.129926 -0.374201 2.27295;
1525006026867;-0.396966 0.50271 2.04038;-0.402092 0.34249 2.05725;-0.39934 0.266159 2.07085;-0.389424 0.0305245 2.10016;-0.374967 -0.293247 2.12423;-0.24229 0.240879 2.16283;-0.160919 0.00145657 2.16283;0.0110189 -0.195576 2.31478;0.0882905 -0.278074 2.33334;0.142427 -0.3362 2.31753;
1525006026909;-0.393373 0.503633 2.03684;-0.398736 0.343393 2.05376;-0.39599 0.266965 2.06751;-0.385831 0.0310441 2.09739;-0.370378 -0.293097 2.12288;-0.242077 0.241517 2.16445;-0.161597 0.00479962 2.16445;0.00457575 -0.185214 2.31873;0.0921177 -0.262583 2.34926;0.148491 -0.328514 2.33012;
1525006026968;-0.381686 0.503755 2.03414;-0.39042 0.343389 2.05013;-0.388012 0.266925 2.06423;-0.378544 0.0308845 2.09521;-0.363284 -0.293416 2.12261;-0.239115 0.243816 2.16979;-0.154831 0.00340939 2.16979;0.0592243 -0.198114 2.36947;0.110849 -0.238805 2.37995;0.165979 -0.285222 2.3723;
1525006027037;-0.359375 0.502078 2.03528;-0.374517 0.342119 2.05015;-0.372561 0.265817 2.06399;-0.364343 0.030223 2.09447;-0.350605 -0.293557 2.12199;-0.229694 0.244702 2.1773;-0.145771 -0.00308249 2.1773;0.0643688 -0.193786 2.37882;0.12765 -0.225287 2.40532;0.196781 -0.269893 2.41824;
1525006027103;-0.329486 0.502239 2.04421;-0.354659 0.341944 2.05451;-0.352913 0.265357 2.06793;-0.345458 0.0289397 2.09726;-0.332764 -0.295881 2.12372;-0.211312 0.244543 2.19201;-0.133962 -0.0185879 2.19201;0.0371789 -0.158264 2.3924;0.124467 -0.215206 2.41831;0.199209 -0.257808 2.43131;
1525006027141;-0.319985 0.503311 2.04682;-0.343725 0.3426 2.05711;-0.341909 0.265814 2.07035;-0.334335 0.0287801 2.09912;-0.321629 -0.296902 2.1249;-0.204038 0.243731 2.19849;-0.131929 -0.0203166 2.19849;0.0721164 -0.188688 2.41244;0.134527 -0.229481 2.42786;0.197931 -0.278092 2.4324;
1525006027170;-0.30565 0.503548 2.05143;-0.33625 0.34318 2.05903;-0.334015 0.266223 2.07219;-0.325138 0.0286048 2.10069;-0.310569 -0.298028 2.12606;-0.196979 0.244083 2.20455;-0.128393 -0.0215838 2.20455;0.0713831 -0.189441 2.41344;0.131394 -0.235956 2.4325;0.195873 -0.276747 2.44517;
1525006027270;-0.252945 0.505602 2.07872;-0.293102 0.342813 2.07498;-0.292403 0.265114 2.08613;-0.288123 0.0254898 2.10915;-0.279135 -0.303426 2.12839;-0.159112 0.233639 2.236;-0.118966 -0.032178 2.236;0.0597486 -0.224403 2.43814;0.11223 -0.278749 2.45498;0.167316 -0.323951 2.45547;
1525006027301;-0.250083 0.505451 2.0805;-0.289284 0.342435 2.07697;-0.28797 0.264679 2.08824;-0.28194 0.0248026 2.11133;-0.271149 -0.304632 2.12999;-0.156699 0.232197 2.23812;-0.112982 -0.0396336 2.23812;0.0231985 -0.208418 2.43358;0.0942093 -0.284451 2.46048;0.149663 -0.340397 2.46006;
1525006027368;-0.226417 0.504818 2.09492;-0.267935 0.341923 2.08998;-0.265984 0.26372 2.10056;-0.25847 0.0224032 2.1213;-0.24623 -0.309178 2.13646;-0.146407 0.22974 2.24386;-0.102131 -0.0528097 2.24386;0.0284726 -0.226695 2.44322;0.0815168 -0.316679 2.47759;0.129996 -0.38491 2.46776;
1525006027435;-0.20456 0.504527 2.10869;-0.253965 0.342934 2.1001;-0.25162 0.26458 2.11019;-0.24294 0.0227904 2.1295;-0.229245 -0.309479 2.14269;-0.131564 0.231094 2.25062;-0.0847811 -0.0531311 2.25062;0.0272012 -0.247784 2.46436;0.0757856 -0.335085 2.49603;0.123156 -0.398052 2.49501;
1525006027469;-0.194351 0.503788 2.11417;-0.244569 0.34234 2.10524;-0.242125 0.263881 2.11518;-0.233264 0.0217806 2.13398;-0.219552 -0.310895 2.14642;-0.120906 0.229388 2.2595;-0.0799951 -0.056932 2.2595;0.0280155 -0.250222 2.46729;0.0756395 -0.338806 2.5043;0.12658 -0.404457 2.51117;
1525006027535;-0.171684 0.503967 2.12577;-0.222372 0.341336 2.11342;-0.220462 0.262678 2.12324;-0.213316 0.0200147 2.14164;-0.201979 -0.313322 2.15348;-0.107204 0.223967 2.2675;-0.0718719 -0.0617671 2.2675;0.058705 -0.317454 2.50606;0.0936263 -0.367611 2.51941;0.136311 -0.426183 2.5113;
1525006027569;-0.163539 0.502113 2.13008;-0.214581 0.339546 2.11751;-0.212908 0.261147 2.12692;-0.206497 0.0191947 2.14418;-0.196111 -0.313371 2.15476;-0.101059 0.221085 2.27052;-0.0676399 -0.0648723 2.27052;0.0589893 -0.317823 2.50802;0.100337 -0.366788 2.52199;0.142029 -0.422136 2.50919;
1525006027601;-0.155193 0.503067 2.1326;-0.20884 0.341231 2.1195;-0.207016 0.262797 2.12886;-0.200238 0.0207392 2.14595;-0.189569 -0.311972 2.15617;-0.0939412 0.22051 2.2769;-0.0600538 -0.0662328 2.2769;0.0589057 -0.290282 2.50222;0.10441 -0.360683 2.52757;0.15043 -0.419961 2.51906;
1525006027632;-0.144974 0.505561 2.134;-0.19859 0.343945 2.12211;-0.197464 0.265548 2.13081;-0.192559 0.0235962 2.14616;-0.183716 -0.308885 2.15446;-0.0846725 0.218448 2.28614;-0.051821 -0.070007 2.28614;0.04664 -0.263392 2.4883;0.101864 -0.344591 2.52571;0.154057 -0.407007 2.51464;
1525006027669;-0.137017 0.507497 2.13508;-0.192237 0.345912 2.1218;-0.191252 0.267998 2.13005;-0.186661 0.0277334 2.1438;-0.178255 -0.30155 2.14897;-0.080696 0.220522 2.28703;-0.0499562 -0.0685415 2.28703;0.0469216 -0.262753 2.48842;0.102227 -0.3344 2.52164;0.14693 -0.395884 2.51461;
1525006027701;-0.129359 0.511472 2.13399;-0.183236 0.348861 2.11988;-0.182704 0.271399 2.12769;-0.179567 0.0324368 2.1401;-0.173345 -0.295393 2.14356;-0.0751187 0.222875 2.28572;-0.0456836 -0.0658356 2.28572;0.0482995 -0.26117 2.48869;0.106546 -0.328424 2.52042;0.160897 -0.383534 2.51209;
1525006027733;-0.122989 0.513974 2.13242;-0.177427 0.352072 2.11749;-0.176914 0.274859 2.12506;-0.174138 0.0365547 2.13674;-0.168931 -0.29084 2.13949;-0.0682734 0.229585 2.28198;-0.0430651 -0.0584597 2.28198;0.0495093 -0.256551 2.48285;0.113581 -0.322247 2.51838;0.171043 -0.372398 2.54099;
1525006027801;-0.107248 0.516231 2.12404;-0.160923 0.354281 2.10642;-0.16198 0.277175 2.1145;-0.163675 0.0390255 2.12766;-0.16343 -0.288516 2.13226;-0.0572107 0.235409 2.27165;-0.0302103 -0.0517408 2.27165;0.0579593 -0.249957 2.47805;0.125355 -0.316353 2.5109;0.184605 -0.365306 2.53129;
1525006027834;-0.0985108 0.516292 2.11885;-0.153978 0.355363 2.10126;-0.155012 0.278221 2.10906;-0.157081 0.0399345 2.1215;-0.158268 -0.287894 2.12548;-0.0530526 0.233337 2.2691;-0.0202905 -0.0541975 2.2691;0.0641903 -0.252213 2.47581;0.129788 -0.317428 2.50356;0.187283 -0.367212 2.52292;
1525006027869;-0.0916575 0.515723 2.11305;-0.147772 0.356173 2.09375;-0.148803 0.278877 2.10186;-0.15102 0.0401387 2.11517;-0.152786 -0.288263 2.12026;-0.045438 0.226927 2.27387;-0.0176903 -0.0620743 2.27387;0.0719028 -0.259922 2.47422;0.135198 -0.324299 2.50081;0.191851 -0.369509 2.51376;
1525006027968;-0.0657637 0.515869 2.07999;-0.129101 0.359239 2.05945;-0.129549 0.281532 2.0678;-0.130168 0.0414025 2.08179;-0.130131 -0.289143 2.08763;-0.0311633 0.223648 2.25845;-0.00617667 -0.0678329 2.25845;0.079336 -0.273897 2.44012;0.135572 -0.336974 2.47051;0.188216 -0.383217 2.47514;
1525006028033;-0.0596099 0.513662 2.06234;-0.123593 0.361664 2.04278;-0.124108 0.283312 2.05195;-0.124946 0.0413252 2.06818;-0.125169 -0.291452 2.07644;-0.021044 0.224904 2.23627;0.000550621 -0.0659926 2.23627;0.076523 -0.275461 2.42172;0.128317 -0.34313 2.44423;0.178945 -0.395619 2.44737;
1525006028069;-0.0577021 0.513404 2.05294;-0.118366 0.358518 2.03087;-0.119056 0.280458 2.03973;-0.120493 0.0392595 2.05514;-0.121678 -0.292642 2.06261;-0.0157153 0.22133 2.22568;0.00537229 -0.0698031 2.22568;0.0760715 -0.281703 2.40996;0.125323 -0.349955 2.43295;0.173849 -0.398616 2.43073;
1525006028135;-0.0518467 0.507756 2.0231;-0.110627 0.350943 2.00501;-0.111252 0.27306 2.01378;-0.112539 0.0322805 2.02904;-0.113576 -0.299269 2.0364;-0.00759168 0.213226 2.20015;0.0130928 -0.0781774 2.20015;0.0809888 -0.285689 2.39758;0.128608 -0.35997 2.4234;0.173074 -0.412776 2.41302;
1525006028200;-0.0480035 0.502391 1.99713;-0.108443 0.348295 1.98527;-0.108113 0.270208 1.99452;-0.106462 0.0286873 2.01086;-0.103165 -0.304132 2.01892;-0.00529474 0.210417 2.18047;0.0152974 -0.0811851 2.18047;0.0879076 -0.279371 2.39365;0.145617 -0.346548 2.42889;0.186598 -0.387677 2.42819;
1525006028232;-0.0465528 0.501056 1.98789;-0.106436 0.347331 1.97341;-0.105809 0.269232 1.9829;-0.103309 0.0276566 2.00017;-0.0991581 -0.305185 2.00986;-0.00325023 0.209386 2.16862;0.0173092 -0.082417 2.16862;0.097515 -0.271042 2.39321;0.158453 -0.328471 2.43427;0.197434 -0.363664 2.44107;
1525006028268;-0.0447173 0.501509 1.97821;-0.105605 0.348036 1.96362;-0.104579 0.26942 1.97442;-0.101123 0.0266043 1.99484;-0.0957123 -0.307619 2.00705;-0.00239474 0.210039 2.15884;0.0181545 -0.0819208 2.15884;0.109132 -0.255736 2.39746;0.172647 -0.306046 2.43997;0.233692 -0.344735 2.4471;
1525006028299;-0.0429801 0.502608 1.96708;-0.104824 0.350531 1.95358;-0.103195 0.271298 1.96586;-0.0983428 0.0268929 1.99012;-0.0908439 -0.308944 2.00564;-0.00159321 0.212478 2.14883;0.0189483 -0.07962 2.14883;0.118242 -0.238118 2.40005;0.186482 -0.281122 2.44361;0.218863 -0.310051 2.45832;
1525006028367;-0.0372951 0.504367 1.94837;-0.101333 0.355629 1.93828;-0.0991698 0.275011 1.95489;-0.0933284 0.0277324 1.98769;-0.0767367 -0.311634 2.0147;0.00190832 0.217491 2.13355;0.0224102 -0.0747224 2.13355;0.178636 -0.212376 2.42701;0.221936 -0.236713 2.45368;0.289803 -0.262307 2.46186;
1525006028400;-0.0332703 0.503981 1.93842;-0.0992228 0.355912 1.93262;-0.0962851 0.275533 1.94881;-0.0879351 0.02815 1.98345;-0.0717535 -0.311687 2.01424;0.00401711 0.217751 2.12789;0.0244936 -0.0744608 2.12789;0.160866 -0.160986 2.40675;0.230781 -0.207407 2.44604;0.309616 -0.239661 2.45919;
1525006028433;-0.0293381 0.503845 1.93116;-0.0936218 0.35776 1.92434;-0.0905283 0.277343 1.94151;-0.0814332 0.0293135 1.97988;-0.0655179 -0.311352 2.01515;0.00959973 0.219558 2.11961;0.0300116 -0.0726575 2.11961;0.161495 -0.155355 2.40387;0.242843 -0.184151 2.43961;0.310804 -0.210164 2.44894;
1525006028467;-0.0239592 0.503021 1.92516;-0.0903285 0.357168 1.91954;-0.087044 0.276783 1.93708;-0.0771341 0.0285977 1.97713;-0.0610997 -0.312412 2.0151;0.0128823 0.218951 2.11482;0.0332508 -0.0731748 2.11482;0.17384 -0.139859 2.3987;0.253786 -0.160166 2.43433;0.310824 -0.169205 2.46466;
1525006028582;0.017342 0.488408 1.88291;-0.0675676 0.350217 1.90214;-0.0671574 0.270066 1.92174;-0.0644756 0.0224398 1.96796;-0.0565677 -0.317141 2.0126;0.0355352 0.211969 2.09736;0.0816909 -0.038778 2.09736;0.29289 -0.0944806 2.39909;0.323003 -0.0960298 2.41854;0.381686 -0.0769349 2.44102;
1525006028634;0.0429549 0.461772 1.86351;-0.0516109 0.338551 1.89562;-0.0533499 0.260024 1.91481;-0.0568486 0.0165014 1.96114;-0.0558438 -0.319471 2.00811;0.0291893 0.222255 2.09038;0.0892047 -0.0255155 2.09038;0.296761 -0.0668171 2.36101;0.344249 -0.0661877 2.37675;0.41595 -0.0537899 2.39008;
1525006028868;0.14112 0.348291 1.85851;0.028814 0.265468 1.90691;0.022828 0.192183 1.92992;0.00430124 -0.0340524 1.98757;-0.02116 -0.3443 2.05142;0.0962603 0.162573 2.09583;0.200946 -0.0404751 2.09583;0.415614 -0.138627 2.28278;0.477003 -0.163694 2.27277;0.526824 -0.183914 2.24901;
1525006028900;0.14311 0.348006 1.85842;0.0313464 0.264783 1.90714;0.0253442 0.191551 1.93041;0.00691903 -0.0345387 1.98893;-0.0181308 -0.344545 2.05441;0.117673 0.163657 2.12343;0.203445 -0.0407331 2.12343;0.412194 -0.152243 2.26848;0.47225 -0.187591 2.2588;0.530494 -0.219822 2.23696;
1525006028934;0.149421 0.34762 1.86024;0.0387887 0.264145 1.90972;0.0326196 0.190663 1.9336;0.0137992 -0.0362285 1.99413;-0.0117338 -0.347531 2.0628;0.122291 0.162889 2.12393;0.21287 -0.0431576 2.12393;0.415426 -0.165576 2.26137;0.483705 -0.221563 2.23984;0.533467 -0.25727 2.22108;
1525006029000;0.163847 0.346007 1.86829;0.0586546 0.261209 1.92167;0.0524391 0.187893 1.94653;0.0330444 -0.0383186 2.00989;0.00608563 -0.348307 2.08172;0.143268 0.165251 2.11959;0.223054 -0.0334599 2.11959;0.39995 -0.190335 2.20887;0.473743 -0.261903 2.1802;0.514529 -0.313704 2.15466;
1525006029033;0.171435 0.344369 1.87398;0.0690711 0.257815 1.92848;0.0609848 0.185156 1.9527;0.0370629 -0.0394709 2.01426;0.00662424 -0.348241 2.08444;0.155678 0.164892 2.11937;0.247009 -0.0486914 2.11937;0.413774 -0.212107 2.18912;0.467518 -0.280207 2.13844;0.4973 -0.328447 2.1075;
1525006029068;0.177091 0.342418 1.88221;0.0757014 0.254884 1.93659;0.0682634 0.182419 1.96121;0.0454602 -0.041159 2.02356;0.0145367 -0.347803 2.09359;0.172798 0.160498 2.12269;0.250799 -0.0500597 2.12269;0.399761 -0.215485 2.14401;0.451327 -0.288027 2.0958;0.473123 -0.333254 2.06029;
1525006029100;0.185571 0.341259 1.8904;0.0874288 0.252028 1.94602;0.0802863 0.179734 1.97106;0.057983 -0.0431795 2.03474;0.0271991 -0.348549 2.10679;0.185722 0.157235 2.12588;0.259076 -0.0578721 2.12588;0.402729 -0.223999 2.12944;0.434352 -0.288539 2.05586;0.447111 -0.334919 2.014;
1525006029168;0.227907 0.363007 1.88056;0.148325 0.279945 1.92784;0.139004 0.20388 1.95994;0.109478 -0.0306992 2.0449;0.0681973 -0.351622 2.14523;0.229336 0.135917 2.14248;0.295385 -0.081114 2.14248;0.396021 -0.243036 2.04545;0.397351 -0.292015 1.96739;0.400718 -0.321144 1.92163;
1525006029233;0.23395 0.361274 1.89797;0.152212 0.276074 1.93771;0.142557 0.201055 1.96875;0.112181 -0.0309619 2.05113;0.0702225 -0.349405 2.1494;0.246728 0.11962 2.14647;0.347837 -0.152257 2.14647;0.406385 -0.279737 1.91602;0.372533 -0.29556 1.87774;0.360767 -0.303146 1.84765;
1525006029267;0.238226 0.362941 1.90293;0.155502 0.27652 1.94166;0.14569 0.201845 1.97281;0.114783 -0.0288504 2.0554;0.0719767 -0.344818 2.15383;0.25091 0.119905 2.14468;0.344387 -0.149082 2.14468;0.400893 -0.269785 1.91314;0.366246 -0.274243 1.85553;0.348309 -0.288762 1.81495;
1525006029300;0.242294 0.365497 1.90841;0.158534 0.278125 1.94617;0.148901 0.203862 1.97768;0.118466 -0.0252463 2.06128;0.0760607 -0.338563 2.16064;0.257803 0.12596 2.13808;0.332245 -0.125889 2.13808;0.379755 -0.213596 1.90324;0.357541 -0.251846 1.83468;0.342927 -0.267297 1.79337;
1525006029333;0.244877 0.369295 1.91209;0.160824 0.280994 1.94946;0.151305 0.207153 1.9813;0.121149 -0.0205057 2.06586;0.0789492 -0.331708 2.16634;0.264139 0.136435 2.12572;0.333161 -0.104685 2.12572;0.375511 -0.209452 1.90544;0.362961 -0.227343 1.80558;0.346884 -0.234155 1.76564;
1525006029366;0.247432 0.373831 1.91425;0.16328 0.284424 1.95133;0.153503 0.210994 1.98329;0.122489 -0.0151961 2.06822;0.0787819 -0.323929 2.16922;0.272132 0.148085 2.11609;0.335216 -0.0963112 2.11609;0.370568 -0.209083 1.90061;0.35797 -0.207176 1.78959;0.352344 -0.206252 1.73848;
1525006029398;0.249343 0.379648 1.91455;0.163423 0.286908 1.94931;0.153628 0.213393 1.98182;0.122577 -0.0128913 2.06797;0.0789194 -0.321335 2.17044;0.275639 0.152955 2.1115;0.342193 -0.0847611 2.1115;0.371548 -0.225034 1.89775;0.348287 -0.18788 1.76101;0.337852 -0.182302 1.71723;
1525006029432;0.251275 0.385831 1.9149;0.168244 0.292539 1.95057;0.157921 0.219113 1.983;0.125368 -0.00710281 2.06899;0.079967 -0.315964 2.1712;0.287835 0.166049 2.1012;0.345482 -0.0805132 2.1012;0.341815 -0.138528 1.85012;0.336278 -0.166967 1.73721;0.321026 -0.162125 1.70071;
1525006029467;0.253236 0.391124 1.9154;0.172724 0.29633 1.95159;0.161433 0.222183 1.98373;0.126594 -0.00585626 2.06915;0.0799595 -0.315908 2.17114;0.287724 0.166312 2.10082;0.349912 -0.0741494 2.10082;0.342881 -0.135881 1.84965;0.326392 -0.152751 1.72106;0.308804 -0.144419 1.68689;
1525006029499;0.256827 0.395712 1.91722;0.1766 0.29919 1.95286;0.164974 0.224935 1.98468;0.128842 -0.00376406 2.06923;0.0805228 -0.315046 2.1705;0.295412 0.176111 2.0925;0.354518 -0.0665386 2.0925;0.345969 -0.129476 1.84357;0.318699 -0.144285 1.70886;0.297169 -0.134111 1.67507;
1525006029532;0.257394 0.395668 1.92459;0.171031 0.284415 1.97575;0.161952 0.214329 2.00121;0.129711 -0.0061753 2.07305;0.0833947 -0.314462 2.1688;0.298166 0.177978 2.09056;0.356257 -0.0549011 2.09056;0.332644 -0.114104 1.83091;0.313085 -0.143913 1.69984;0.289609 -0.134208 1.66815;
1525006029566;0.259946 0.397505 1.92939;0.171367 0.284246 1.97741;0.162295 0.213885 2.00338;0.130463 -0.00642609 2.07433;0.0858843 -0.312952 2.16643;0.301284 0.178687 2.08975;0.360218 -0.0543255 2.08975;0.331207 -0.114305 1.82244;0.31062 -0.149839 1.69512;0.28634 -0.138654 1.6624;
1525006029632;0.263846 0.40558 1.93763;0.172814 0.286149 1.97815;0.163484 0.215237 2.0042;0.131784 -0.00558385 2.07474;0.0887047 -0.311006 2.1634;0.308268 0.173054 2.08524;0.362011 -0.0611081 2.08524;0.329208 -0.138642 1.7896;0.312383 -0.173606 1.69499;0.292911 -0.167816 1.66447;
1525006029699;0.26752 0.420123 1.94562;0.175474 0.294028 1.97879;0.166385 0.221607 2.00449;0.136838 -0.00107006 2.07289;0.100555 -0.306302 2.15181;0.314393 0.168565 2.08218;0.363939 -0.079268 2.08218;0.33475 -0.170446 1.79137;0.317925 -0.210672 1.71338;0.297855 -0.21035 1.67971;
1525006029800;0.26894 0.457395 1.96088;0.176702 0.31776 1.97737;0.168838 0.241344 2.00067;0.14346 0.0111415 2.06054;0.113847 -0.302547 2.11711;0.316606 0.172463 2.08138;0.363673 -0.0895334 2.08138;0.361714 -0.246219 1.86628;0.331289 -0.277711 1.77235;0.322039 -0.2999 1.73454;
1525006029833;0.270243 0.464612 1.9632;0.177146 0.323318 1.97649;0.169545 0.246996 1.9989;0.145061 0.0148034 2.05561;0.114346 -0.302761 2.11244;0.317175 0.17274 2.08128;0.34431 -0.0633059 2.08128;0.363179 -0.221634 1.91103;0.342837 -0.29695 1.79808;0.334922 -0.326362 1.75716;
1525006029901;0.268705 0.48103 1.9756;0.175561 0.333435 1.97785;0.169305 0.255873 1.998;0.149216 0.0216181 2.04677;0.127337 -0.300875 2.08685;0.318024 0.175165 2.08176;0.340909 -0.0603767 2.08176;0.388185 -0.257222 1.95182;0.384883 -0.323306 1.87326;0.373758 -0.374338 1.82042;
1525006029941;0.268419 0.489263 1.98371;0.173937 0.340133 1.97955;0.169073 0.262013 1.99811;0.153238 0.0261488 2.0422;0.13659 -0.298976 2.07895;0.313654 0.204608 2.09221;0.337075 -0.0594429 2.09221;0.400089 -0.273068 1.96524;0.405947 -0.347338 1.90892;0.402655 -0.391677 1.85721;
1525006029968;0.267439 0.492551 1.98997;0.173101 0.342552 1.97976;0.169153 0.264163 1.99773;0.15738 0.0273677 2.03912;0.148657 -0.301278 2.07343;0.313564 0.204334 2.09214;0.335206 -0.0650109 2.09214;0.420399 -0.288157 1.99576;0.431404 -0.362143 1.94154;0.425631 -0.409924 1.89166;
1525006030067;0.259044 0.49696 2.01706;0.170866 0.34353 1.98059;0.167944 0.264636 1.99749;0.156859 0.0250014 2.0337;0.147573 -0.312319 2.05644;0.310629 0.186466 2.09633;0.342616 -0.0975219 2.09633;0.483997 -0.298757 2.08734;0.527186 -0.369437 2.04889;0.554444 -0.421527 2.00664;
1525006030100;0.25784 0.49674 2.02305;0.169451 0.344949 1.98209;0.167263 0.265437 1.99768;0.157191 0.0247177 2.03096;0.148524 -0.313343 2.05088;0.310117 0.188257 2.09706;0.342754 -0.0981756 2.09706;0.490779 -0.293211 2.10226;0.552762 -0.355381 2.08394;0.598283 -0.401783 2.0465;
1525006030201;0.257749 0.50515 2.04957;0.16998 0.352904 1.98833;0.16828 0.271642 2.00013;0.160901 0.0283485 2.02642;0.156973 -0.309423 2.03472;0.306054 0.185531 2.10328;0.346335 -0.0923528 2.10328;0.525533 -0.242126 2.17332;0.606179 -0.291134 2.17139;0.675861 -0.312598 2.16615;
1525006030333;0.268956 0.506869 2.08608;0.182159 0.369614 2.01441;0.179638 0.287117 2.01769;0.170556 0.0365996 2.02643;0.166716 -0.302476 2.02423;0.311708 0.190179 2.12728;0.375736 -0.0789856 2.12728;0.563168 -0.216888 2.21337;0.648791 -0.253054 2.21559;0.732691 -0.272244 2.20949;
1525006030400;0.26686 0.506068 2.09726;0.187926 0.368874 2.02426;0.186221 0.287361 2.0271;0.178163 0.0375067 2.0292;0.172885 -0.30307 2.02091;0.318007 0.188325 2.14063;0.378318 -0.0824495 2.14063;0.56614 -0.220017 2.21375;0.655522 -0.26308 2.21615;0.73119 -0.285153 2.21115;
1525006030434;0.267505 0.504572 2.10453;0.192148 0.367038 2.03145;0.190855 0.285954 2.03367;0.184515 0.0365151 2.03225;0.179155 -0.30499 2.01933;0.321772 0.186209 2.14798;0.38767 -0.0967747 2.14798;0.607129 -0.271812 2.21601;0.664659 -0.280343 2.21192;0.743738 -0.300682 2.213;
1525006030567;0.298849 0.510924 2.15939;0.2288 0.373047 2.07776;0.228119 0.292539 2.07713;0.224829 0.0436997 2.0643;0.21135 -0.300511 2.03139;0.357579 0.191915 2.19446;0.429691 -0.124935 2.19446;0.588224 -0.30474 2.17297;0.64234 -0.356748 2.16714;0.70286 -0.391202 2.15832;
1525006030601;0.30019 0.51035 2.16114;0.229418 0.372802 2.07817;0.228712 0.292324 2.07746;0.225354 0.0435743 2.06445;0.214459 -0.300317 2.03229;0.358189 0.191681 2.19487;0.431055 -0.125153 2.19487;0.589193 -0.308372 2.16909;0.64086 -0.368495 2.1554;0.702241 -0.409565 2.14203;
1525006030701;0.331609 0.500809 2.2001;0.260695 0.368309 2.1038;0.25832 0.288031 2.10161;0.250046 0.0399862 2.08439;0.239472 -0.302617 2.05087;0.389279 0.187308 2.22047;0.438824 -0.126468 2.22047;0.604216 -0.30812 2.15686;0.672209 -0.367168 2.13054;0.724905 -0.411856 2.09039;
1525006030732;0.335732 0.501087 2.2023;0.262834 0.368718 2.10591;0.260894 0.288403 2.10405;0.253976 0.0402037 2.08782;0.243968 -0.302465 2.05437;0.391403 0.18773 2.22258;0.448024 -0.127129 2.22258;0.609795 -0.298741 2.15326;0.686281 -0.351932 2.12612;0.737079 -0.394914 2.07582;
1525006030766;0.341916 0.501191 2.20792;0.272301 0.368936 2.11397;0.270276 0.288568 2.11217;0.262735 0.0402957 2.09591;0.251001 -0.302162 2.06156;0.400812 0.187984 2.23064;0.455709 -0.124949 2.23064;0.623937 -0.289004 2.15502;0.702551 -0.336747 2.12686;0.755952 -0.375267 2.08018;
1525006030831;0.36362 0.497056 2.22653;0.292059 0.370344 2.13485;0.288863 0.290028 2.1319;0.277891 0.041984 2.1124;0.261889 -0.300043 2.07417;0.420454 0.189466 2.25151;0.484942 -0.129349 2.25151;0.674112 -0.265485 2.16078;0.739634 -0.311612 2.13346;0.799944 -0.344885 2.09198;
1525006030866;0.371403 0.496341 2.2337;0.29743 0.370816 2.14168;0.294277 0.290476 2.13874;0.283225 0.042404 2.11914;0.26666 -0.299545 2.08041;0.425791 0.189965 2.25834;0.486479 -0.127025 2.25834;0.678341 -0.262975 2.16348;0.755432 -0.302014 2.14122;0.815953 -0.336221 2.09357;
1525006030900;0.379748 0.493723 2.24276;0.304588 0.36918 2.14853;0.301005 0.288872 2.14539;0.288662 0.0409458 2.1252;0.27044 -0.300714 2.08573;0.432906 0.188365 2.26518;0.497048 -0.127744 2.26518;0.689141 -0.258509 2.16893;0.767098 -0.293839 2.14749;0.827229 -0.325324 2.1047;
1525006030932;0.385908 0.491298 2.24905;0.310807 0.365674 2.15472;0.306872 0.285445 2.15136;0.293428 0.0378162 2.1305;0.273708 -0.303348 2.09017;0.462205 0.149928 2.24628;0.500731 -0.119657 2.24628;0.694081 -0.253603 2.17565;0.774539 -0.286058 2.15729;0.846598 -0.321554 2.12079;
1525006030966;0.393837 0.486445 2.25423;0.317292 0.362793 2.16303;0.312792 0.282547 2.15915;0.29771 0.0349508 2.13682;0.276013 -0.306032 2.09479;0.462698 0.149528 2.24672;0.504274 -0.113241 2.24672;0.70557 -0.254537 2.18086;0.79117 -0.287304 2.16459;0.867813 -0.310002 2.14482;
1525006030999;0.400225 0.483034 2.25822;0.323992 0.357296 2.17028;0.318824 0.277506 2.16621;0.301784 0.0312056 2.14332;0.27768 -0.308293 2.10055;0.466235 0.145693 2.24988;0.508327 -0.111082 2.24988;0.71112 -0.25403 2.18587;0.796578 -0.287991 2.17337;0.871527 -0.313827 2.15752;
1525006031031;0.41097 0.475989 2.26329;0.329906 0.353829 2.17614;0.324356 0.274104 2.17224;0.306023 0.0280914 2.14978;0.279873 -0.310857 2.10755;0.471408 0.142055 2.25451;0.5118 -0.108443 2.25451;0.715326 -0.255314 2.18913;0.802487 -0.292834 2.17843;0.87699 -0.318167 2.16303;
1525006031067;0.418003 0.471844 2.26872;0.335288 0.349114 2.18318;0.329595 0.269621 2.17952;0.310699 0.0244053 2.1578;0.283453 -0.31325 2.11656;0.476657 0.137041 2.26106;0.577818 -0.170831 2.26106;0.771365 -0.289816 2.17992;0.832952 -0.313526 2.17731;0.898349 -0.330755 2.16216;
1525006031099;0.424307 0.466421 2.27336;0.342949 0.344511 2.19122;0.336393 0.265648 2.18721;0.315133 0.0221613 2.16454;0.285313 -0.313611 2.12232;0.484256 0.132232 2.26886;0.577832 -0.170923 2.26886;0.771215 -0.291974 2.18332;0.830239 -0.322311 2.1763;0.891852 -0.341445 2.15729;
1525006031133;0.431807 0.463406 2.27751;0.347217 0.342378 2.1966;0.340156 0.263634 2.19245;0.317328 0.0206267 2.1693;0.285458 -0.314381 2.1265;0.484266 0.114845 2.27379;0.523839 -0.121188 2.27379;0.723663 -0.268061 2.20131;0.801316 -0.319982 2.18147;0.877342 -0.351587 2.15435;
1525006031167;0.438555 0.461944 2.28212;0.349193 0.34156 2.20032;0.341955 0.262883 2.19617;0.31847 0.0201647 2.17302;0.285429 -0.314274 2.13014;0.485182 0.111099 2.27526;0.524519 -0.125038 2.27526;0.725472 -0.280868 2.20338;0.796522 -0.333779 2.17952;0.870245 -0.366041 2.14904;
1525006031232;0.45085 0.461601 2.29112;0.359951 0.342915 2.21519;0.350692 0.264301 2.21026;0.321928 0.0218906 2.18535;0.282636 -0.311692 2.14186;0.492822 0.108507 2.28492;0.524656 -0.129419 2.28492;0.713397 -0.301463 2.20612;0.773972 -0.359659 2.17872;0.843664 -0.397439 2.14915;
1525006031267;0.456713 0.459844 2.29587;0.363815 0.34245 2.21897;0.353793 0.263886 2.21436;0.322553 0.0216441 2.1906;0.27815 -0.311616 2.14968;0.497128 0.106816 2.28892;0.524745 -0.131802 2.28892;0.706787 -0.311924 2.20671;0.762816 -0.3727 2.17496;0.830021 -0.412983 2.14239;
1525006031301;0.462269 0.45698 2.29932;0.36815 0.340302 2.22402;0.357088 0.26199 2.21974;0.322591 0.0203902 2.19727;0.272516 -0.311923 2.15851;0.501666 0.103753 2.29406;0.524465 -0.135526 2.29406;0.699009 -0.323767 2.20496;0.752953 -0.388223 2.17257;0.813448 -0.428177 2.1409;
1525006031366;0.481118 0.445928 2.30997;0.375478 0.335159 2.23322;0.362434 0.257332 2.22945;0.321987 0.0168709 2.2091;0.262276 -0.314031 2.17414;0.509001 0.097954 2.30315;0.520823 -0.142173 2.30315;0.689074 -0.369025 2.19776;0.734087 -0.4123 2.16903;0.787143 -0.45515 2.13124;
1525006031401;0.484786 0.442032 2.31256;0.379909 0.331707 2.24036;0.365654 0.254333 2.23662;0.32152 0.0153435 2.21585;0.258204 -0.31375 2.17943;0.513358 0.0943001 2.31016;0.516226 -0.146017 2.31016;0.687429 -0.370916 2.19724;0.726527 -0.421442 2.1697;0.780849 -0.464718 2.12803;
1525006031433;0.488964 0.438572 2.31691;0.382431 0.329363 2.24596;0.367488 0.252272 2.24261;0.320725 0.014406 2.22288;0.253687 -0.312669 2.18697;0.515842 0.0918672 2.3157;0.513465 -0.148278 2.3157;0.682846 -0.375634 2.19588;0.719613 -0.429869 2.16851;0.770531 -0.473867 2.12404;
1525006031467;0.490162 0.437157 2.31948;0.38457 0.326857 2.25163;0.368976 0.250146 2.24849;0.320004 0.0135611 2.22927;0.250117 -0.311568 2.19359;0.517955 0.0893143 2.32133;0.50725 -0.150489 2.32133;0.675874 -0.379729 2.19494;0.708887 -0.43329 2.16898;0.749697 -0.475073 2.11944;
1525006031503;0.490763 0.436788 2.32271;0.384703 0.325944 2.25558;0.368594 0.249282 2.25305;0.317388 0.0130845 2.23576;0.243816 -0.311134 2.20215;0.518077 0.0883846 2.32527;0.500914 -0.151105 2.32527;0.666384 -0.384324 2.19519;0.698367 -0.434474 2.16852;0.737617 -0.474335 2.12086;
1525006031532;0.492069 0.434722 2.32896;0.384068 0.325037 2.26066;0.367438 0.248599 2.2586;0.314453 0.0133107 2.24248;0.238782 -0.309452 2.20975;0.472147 0.125304 2.32364;0.494084 -0.143966 2.32364;0.657167 -0.386163 2.19702;0.690498 -0.434955 2.1735;0.73304 -0.471123 2.12504;
1525006031567;0.489752 0.435437 2.33375;0.381438 0.323877 2.26796;0.364233 0.247311 2.26586;0.309621 0.0116343 2.24929;0.232241 -0.311839 2.21559;0.471141 0.125112 2.32507;0.495545 -0.199108 2.32507;0.649551 -0.388717 2.19877;0.680747 -0.434978 2.17996;0.725498 -0.472279 2.13268;
1525006031601;0.48792 0.43308 2.3373;0.377811 0.321197 2.27367;0.359818 0.244616 2.27192;0.30258 0.00895977 2.25636;0.221375 -0.314402 2.22391;0.468145 0.123259 2.32816;0.494126 -0.200906 2.32816;0.634607 -0.388049 2.20587;0.67241 -0.435838 2.18616;0.723866 -0.475005 2.14497;
1525006031632;0.483913 0.432084 2.34095;0.374059 0.318163 2.27762;0.355407 0.241479 2.27654;0.296143 0.00562618 2.26311;0.212374 -0.317812 2.23386;0.464265 0.120422 2.33117;0.491394 -0.203755 2.33117;0.627244 -0.389349 2.20961;0.664933 -0.438894 2.19371;0.713611 -0.475915 2.14905;
1525006031666;0.478575 0.427353 2.34428;0.366876 0.313597 2.28162;0.347896 0.237063 2.28115;0.287887 0.00172554 2.26952;0.203628 -0.320932 2.2426;0.456728 0.115829 2.33462;0.486128 -0.208193 2.33462;0.618601 -0.390556 2.21667;0.657291 -0.440758 2.20164;0.70412 -0.479697 2.15802;
1525006031699;0.471981 0.423864 2.3467;0.3607 0.310091 2.28526;0.341079 0.233389 2.28565;0.279095 -0.00247259 2.27685;0.192129 -0.325876 2.25431;0.450413 0.112342 2.33795;0.449363 -0.157985 2.33795;0.609449 -0.388846 2.22568;0.645994 -0.439296 2.20961;0.690525 -0.482272 2.16614;
1525006031733;0.460306 0.422723 2.34669;0.351062 0.304736 2.2879;0.33179 0.228231 2.2892;0.270776 -0.00719343 2.28292;0.185093 -0.330201 2.26371;0.440638 0.106979 2.34038;0.445944 -0.157271 2.34038;0.595818 -0.385972 2.23995;0.632734 -0.438127 2.21978;0.672025 -0.486835 2.1775;
1525006031767;0.45756 0.420903 2.34713;0.342486 0.300068 2.29008;0.322647 0.223448 2.29255;0.259841 -0.0123072 2.29022;0.171716 -0.335521 2.27719;0.432046 0.102339 2.34244;0.437753 -0.156527 2.34244;0.5868 -0.388471 2.25065;0.625481 -0.439042 2.23035;0.676574 -0.480501 2.189;
1525006031832;0.443064 0.418455 2.34322;0.327434 0.298766 2.29159;0.307775 0.221959 2.29663;0.244206 -0.0145117 2.30315;0.154545 -0.339026 2.30684;0.417007 0.10105 2.34389;0.414234 -0.152337 2.34389;0.558918 -0.389298 2.27792;0.60292 -0.441521 2.25191;0.64232 -0.483034 2.20998;
1525006031867;0.439562 0.419187 2.3414;0.32357 0.297001 2.29193;0.303038 0.220228 2.29821;0.236804 -0.0157224 2.30935;0.144674 -0.338194 2.31728;0.413155 0.0992968 2.34421;0.403654 -0.151036 2.34421;0.547435 -0.388811 2.28739;0.589112 -0.445248 2.26123;0.626156 -0.49076 2.22779;
1525006031902;0.436507 0.418437 2.33745;0.319239 0.294809 2.29158;0.297906 0.218204 2.29936;0.228658 -0.0171022 2.31588;0.131499 -0.337736 2.33229;0.408836 0.0971144 2.34384;0.392175 -0.151202 2.34384;0.529522 -0.390824 2.30048;0.569604 -0.450215 2.27088;0.602452 -0.493708 2.23222;
1525006031932;0.434589 0.41539 2.33334;0.313649 0.291813 2.29269;0.29133 0.21538 2.30234;0.219824 -0.0189329 2.32453;0.120873 -0.337778 2.34674;0.403265 0.094135 2.34494;0.399378 -0.193513 2.34494;0.512691 -0.397067 2.31569;0.551754 -0.458652 2.28197;0.582314 -0.502639 2.24304;
1525006031966;0.432951 0.401646 2.32608;0.311898 0.280758 2.2955;0.288566 0.205729 2.30677;0.214484 -0.0255812 2.33254;0.110485 -0.341096 2.35915;0.381187 0.0914092 2.38991;0.363955 -0.156903 2.38991;0.496875 -0.406144 2.3266;0.532727 -0.471931 2.29344;0.560959 -0.518443 2.25613;
1525006032031;0.439791 0.353136 2.32354;0.311228 0.232851 2.30441;0.284484 0.16341 2.31929;0.202209 -0.0543016 2.35284;0.0863006 -0.357493 2.38981;0.380285 0.0851106 2.39665;0.352044 -0.163125 2.39665;0.463596 -0.444835 2.35205;0.495722 -0.509073 2.31712;0.514423 -0.563387 2.28258;
1525006032131;0.456216 0.296413 2.33392;0.321068 0.185969 2.31821;0.286949 0.118578 2.33401;0.182365 -0.0918841 2.37159;0.0355089 -0.381447 2.41151;0.36526 -0.00286337 2.42138;0.323835 -0.235247 2.42138;0.406524 -0.478351 2.38336;0.440715 -0.566787 2.34813;0.457152 -0.632715 2.31983;
1525006032166;0.467863 0.283039 2.33309;0.317372 0.193319 2.31548;0.284372 0.122905 2.33267;0.181346 -0.0912 2.37193;0.0352081 -0.382659 2.41338;0.365293 -0.00286891 2.42141;0.32152 -0.244412 2.42141;0.398042 -0.483029 2.3869;0.4212 -0.581249 2.35901;0.440232 -0.644196 2.32973;
1525006032231;0.480258 0.254081 2.34287;0.316147 0.188434 2.31757;0.282455 0.118273 2.3348;0.176878 -0.0964372 2.37516;0.0286441 -0.38847 2.41768;0.365103 -0.00330914 2.42172;0.29992 -0.285954 2.42172;0.368466 -0.562694 2.40083;0.389433 -0.647493 2.37574;0.391782 -0.714204 2.35635;
1525006032266;0.470097 0.23859 2.35365;0.313523 0.160243 2.33395;0.278571 0.0931903 2.34857;0.170796 -0.113957 2.38297;0.0223312 -0.398952 2.41968;0.350088 -0.0114845 2.41931;0.296502 -0.2906 2.41931;0.346208 -0.527555 2.409;0.366933 -0.630506 2.38997;0.383454 -0.696015 2.37178;
1525006032334;0.470945 0.2315 2.36327;0.310215 0.158452 2.33632;0.27484 0.0907792 2.35098;0.165621 -0.117871 2.38483;0.0151971 -0.404132 2.41929;0.335431 -0.0115479 2.4205;0.283655 -0.292853 2.4205;0.321883 -0.548339 2.41915;0.336621 -0.654509 2.40407;0.346667 -0.719373 2.38378;
1525006032365;0.472659 0.229273 2.36754;0.310177 0.158647 2.33716;0.274662 0.0907791 2.35143;0.164637 -0.118343 2.38461;0.0105739 -0.406221 2.41546;0.336479 -0.0110934 2.42112;0.272588 -0.311799 2.42112;0.314183 -0.550217 2.42343;0.324468 -0.656421 2.41078;0.331068 -0.721801 2.39127;
1525006032400;0.467656 0.215345 2.38598;0.306421 0.14441 2.359;0.269978 0.0783916 2.36763;0.158581 -0.125823 2.38862;0.00151214 -0.411202 2.41012;0.336856 -0.0234165 2.43973;0.264882 -0.314858 2.43973;0.303349 -0.553628 2.42724;0.31662 -0.663665 2.41188;0.324439 -0.72788 2.38902;
1525006032433;0.468584 0.215766 2.38815;0.306649 0.145377 2.359;0.269998 0.0788837 2.36783;0.157946 -0.125785 2.38887;-0.000305984 -0.411018 2.4095;0.337442 -0.0202728 2.43664;0.261996 -0.316292 2.43664;0.296157 -0.556738 2.43005;0.310198 -0.664354 2.41497;0.326518 -0.728299 2.3909;
1525006032466;0.469353 0.21683 2.39125;0.306973 0.146209 2.35926;0.269987 0.0792111 2.36807;0.156258 -0.126334 2.38878;-0.00709555 -0.413406 2.40584;0.332644 -0.0398384 2.44459;0.253535 -0.307416 2.44459;0.298742 -0.621199 2.42572;0.309014 -0.688929 2.40997;0.314053 -0.750066 2.36936;
1525006032534;0.470767 0.218215 2.39708;0.307432 0.148045 2.36042;0.270061 0.0802105 2.36871;0.155481 -0.126337 2.38806;-0.00967073 -0.414394 2.39837;0.32532 -0.058217 2.45377;0.247869 -0.305725 2.45377;0.275767 -0.565847 2.43613;0.299837 -0.662576 2.40903;0.308369 -0.726004 2.36803;
1525006032700;0.469325 0.224689 2.40644;0.306912 0.150617 2.36285;0.269392 0.0814594 2.36961;0.152403 -0.127288 2.38414;-0.0171486 -0.421795 2.37564;0.319068 -0.0432971 2.45374;0.232276 -0.322231 2.45374;0.260067 -0.55657 2.41397;0.277161 -0.646668 2.36972;0.296735 -0.704011 2.31728;
1525006032733;0.467138 0.229652 2.41266;0.304672 0.156123 2.3704;0.267469 0.0860201 2.37469;0.151687 -0.125958 2.38365;-0.0154692 -0.418697 2.37325;0.317933 -0.0408345 2.45415;0.236984 -0.351805 2.45415;0.258047 -0.580738 2.40197;0.275229 -0.656493 2.35613;0.284715 -0.709177 2.3136;
1525006032766;0.466189 0.232251 2.41442;0.303745 0.158946 2.37313;0.266646 0.0884132 2.37678;0.151425 -0.125422 2.38328;-0.0141162 -0.418402 2.37175;0.317091 -0.0386127 2.45444;0.227528 -0.255015 2.45444;0.253693 -0.554976 2.40159;0.268063 -0.645644 2.35561;0.278668 -0.705758 2.30932;
1525006032799;0.465611 0.234769 2.41581;0.303507 0.160747 2.37459;0.266579 0.090363 2.37818;0.151875 -0.124002 2.38308;-0.0098489 -0.41576 2.37089;0.314447 -0.0338084 2.45777;0.239263 -0.347237 2.45777;0.264603 -0.619053 2.35971;0.265696 -0.660585 2.34485;0.27072 -0.71018 2.31267;
1525006032833;0.464541 0.237894 2.41657;0.30329 0.162024 2.37532;0.266507 0.0920277 2.37886;0.152553 -0.12116 2.38231;-0.00577388 -0.410339 2.36887;0.313298 -0.0321628 2.45882;0.229047 -0.312862 2.45882;0.263877 -0.616941 2.36038;0.261335 -0.658873 2.34263;0.264678 -0.706612 2.30681;
1525006032899;0.463028 0.242243 2.4155;0.302921 0.16419 2.37523;0.266464 0.0945757 2.37874;0.153929 -0.117467 2.38108;-0.000901753 -0.405487 2.36765;0.312535 -0.0300096 2.45943;0.228437 -0.252031 2.45943;0.257972 -0.560026 2.3745;0.255304 -0.637055 2.35197;0.261122 -0.70049 2.31931;
1525006032967;0.461522 0.244529 2.41277;0.302202 0.165476 2.37482;0.266057 0.0960114 2.37833;0.154569 -0.115442 2.3801;0.0019442 -0.402848 2.36681;0.312308 -0.028916 2.45945;0.229117 -0.251274 2.45945;0.257865 -0.55949 2.37509;0.257595 -0.634001 2.35622;0.263571 -0.697356 2.32965;
1525006033000;0.460399 0.246018 2.40992;0.301762 0.16625 2.37424;0.265859 0.0969274 2.37775;0.155268 -0.113969 2.37904;0.0043479 -0.40087 2.36586;0.312329 -0.0287823 2.45921;0.230082 -0.251439 2.45921;0.258334 -0.559773 2.37547;0.260975 -0.640294 2.35917;0.26301 -0.704943 2.33463;
1525006033033;0.459402 0.247143 2.40627;0.301178 0.16735 2.37314;0.265429 0.0982578 2.37688;0.155213 -0.112008 2.37852;0.00468076 -0.397963 2.36666;0.312431 -0.0280051 2.45916;0.231553 -0.251157 2.45916;0.259398 -0.528669 2.39308;0.26377 -0.629211 2.36365;0.269007 -0.692724 2.33634;
1525006033066;0.458326 0.248189 2.4022;0.300591 0.168397 2.37184;0.265089 0.0993918 2.37567;0.155539 -0.110776 2.3772;0.00567688 -0.396953 2.36572;0.312366 -0.0268754 2.45828;0.233269 -0.250484 2.45828;0.249368 -0.485152 2.41446;0.264497 -0.590082 2.38133;0.273184 -0.65129 2.34429;
1525006033100;0.457473 0.24955 2.39725;0.300478 0.169408 2.36981;0.265117 0.100541 2.37416;0.155881 -0.109342 2.37664;0.00648278 -0.394604 2.36674;0.312422 -0.0256587 2.45714;0.235271 -0.249789 2.45714;0.250004 -0.485678 2.41475;0.268393 -0.590699 2.38523;0.274315 -0.65329 2.35328;
1525006033133;0.457195 0.250393 2.39478;0.300538 0.169946 2.36829;0.26532 0.101117 2.37312;0.156395 -0.108754 2.37643;0.00793205 -0.393647 2.36805;0.312635 -0.0252012 2.45627;0.238104 -0.250083 2.45627;0.251369 -0.486509 2.41589;0.271684 -0.590785 2.39008;0.279467 -0.6552 2.35787;
1525006033170;0.456632 0.252434 2.39142;0.300652 0.171237 2.36637;0.265542 0.102387 2.372;0.157 -0.107163 2.37695;0.00965444 -0.390288 2.37376;0.31324 -0.0249745 2.45571;0.242346 -0.250926 2.45571;0.272954 -0.546772 2.40377;0.279716 -0.641265 2.37798;0.280122 -0.703266 2.35337;
1525006033202;0.455902 0.254991 2.38837;0.300662 0.172903 2.36463;0.265804 0.104014 2.36998;0.158069 -0.106145 2.37448;0.0118933 -0.391218 2.36914;0.314545 -0.0247102 2.45488;0.244608 -0.250965 2.45488;0.268757 -0.493339 2.4166;0.280605 -0.599203 2.39204;0.28877 -0.664112 2.36574;
1525006033233;0.455164 0.25779 2.38477;0.300902 0.174484 2.36253;0.266194 0.105512 2.36774;0.158864 -0.105233 2.37213;0.0128261 -0.391584 2.36628;0.315801 -0.0248907 2.45422;0.259325 -0.311624 2.45422;0.283374 -0.543188 2.40602;0.28547 -0.637399 2.38219;0.281563 -0.700257 2.36226;
1525006033298;0.455378 0.269534 2.37648;0.301192 0.185864 2.35464;0.267206 0.115985 2.36032;0.161673 -0.0977008 2.36633;0.0166934 -0.387797 2.36217;0.316102 -0.0241731 2.45345;0.261348 -0.311089 2.45345;0.285728 -0.542616 2.40512;0.295046 -0.63058 2.38073;0.288224 -0.687998 2.36403;
1525006033331;0.454194 0.274409 2.3738;0.301231 0.188782 2.35276;0.267634 0.119119 2.35822;0.163624 -0.0940035 2.36357;0.0212095 -0.384006 2.35847;0.316096 -0.0241937 2.45341;0.262891 -0.31064 2.45341;0.290511 -0.54159 2.40254;0.300196 -0.626487 2.37802;0.297865 -0.681561 2.36291;
1525006033400;0.440973 0.301348 2.37184;0.301542 0.19458 2.3498;0.268551 0.12547 2.35542;0.166692 -0.0858845 2.36146;0.0276042 -0.373658 2.35782;0.323053 -0.0204814 2.4528;0.267906 -0.307541 2.4528;0.311525 -0.534938 2.39245;0.315829 -0.612241 2.36593;0.3106 -0.665032 2.34711;
1525006033433;0.456365 0.315055 2.3663;0.30292 0.2255 2.3366;0.27149 0.152703 2.34461;0.172888 -0.0685155 2.35652;0.0359346 -0.365402 2.35777;0.331729 0.00383966 2.44416;0.272331 -0.308837 2.44416;0.317132 -0.535638 2.38772;0.323915 -0.610532 2.35697;0.317624 -0.66235 2.33896;
1525006033467;0.454829 0.31673 2.36556;0.302766 0.225119 2.33668;0.271469 0.152564 2.34457;0.173388 -0.0685255 2.35632;0.0393932 -0.365961 2.35751;0.32834 -0.00371973 2.44667;0.279692 -0.305876 2.44667;0.327249 -0.53135 2.38074;0.331009 -0.603975 2.34792;0.325355 -0.65777 2.33175;
1525006033566;0.440771 0.34083 2.35994;0.29623 0.23809 2.33278;0.268235 0.16268 2.34133;0.176642 -0.0639812 2.35463;0.0580995 -0.367416 2.35769;0.321335 0.00393132 2.44451;0.298206 -0.232943 2.44451;0.339266 -0.468785 2.37149;0.355063 -0.558622 2.32811;0.355152 -0.622598 2.29875;
1525006033598;0.434405 0.347596 2.3591;0.296502 0.236539 2.3333;0.268733 0.161856 2.34162;0.180734 -0.0645728 2.35517;0.0672494 -0.368835 2.35955;0.333395 0.0255832 2.44369;0.299085 -0.235191 2.44369;0.350061 -0.469148 2.36339;0.375356 -0.548848 2.32167;0.379356 -0.602714 2.27235;
1525006033633;0.429857 0.353671 2.35738;0.296113 0.238107 2.33314;0.268814 0.163864 2.34148;0.18373 -0.0611817 2.35536;0.0726198 -0.366056 2.36105;0.353467 0.08405 2.43836;0.300304 -0.234205 2.43836;0.369897 -0.463356 2.34988;0.396736 -0.52249 2.31196;0.409595 -0.574133 2.25115;
1525006033698;0.417656 0.366915 2.35665;0.293472 0.241532 2.3335;0.267213 0.167283 2.34202;0.18487 -0.0579354 2.35665;0.0767033 -0.363008 2.36439;0.353558 0.0840355 2.4388;0.309817 -0.227284 2.4388;0.41394 -0.394894 2.31368;0.443657 -0.427201 2.27907;0.480524 -0.474024 2.22562;
1525006033730;0.413948 0.370419 2.35463;0.29028 0.245441 2.33439;0.264827 0.171613 2.34302;0.185112 -0.0529897 2.35814;0.0790527 -0.357702 2.36677;0.351383 0.0857027 2.44127;0.310099 -0.191968 2.44127;0.425132 -0.340707 2.32224;0.469417 -0.369876 2.2605;0.511992 -0.405427 2.18638;
1525006033766;0.404425 0.379834 2.35174;0.261624 0.281803 2.34069;0.242858 0.202454 2.34837;0.178942 -0.0379619 2.36109;0.080322 -0.354695 2.36767;0.342618 0.0990218 2.44397;0.311115 -0.191236 2.44397;0.458932 -0.283428 2.29408;0.490438 -0.303042 2.25431;0.52924 -0.325916 2.15141;
1525006033832;0.376511 0.393993 2.34307;0.252324 0.281316 2.34731;0.233846 0.203563 2.3547;0.173778 -0.0341367 2.36593;0.081841 -0.352743 2.36997;0.341744 0.0970275 2.45196;0.368275 -0.196918 2.45196;0.544997 -0.18088 2.26241;0.552707 -0.174475 2.23113;0.594963 -0.173338 2.20943;
1525006033866;0.367838 0.392447 2.34378;0.245758 0.279869 2.35133;0.228247 0.203069 2.35839;0.171267 -0.0327764 2.36883;0.0844669 -0.350771 2.37276;0.340656 0.0975955 2.45819;0.337394 -0.13827 2.45819;0.511746 -0.157635 2.30729;0.548189 -0.126082 2.26097;0.602408 -0.113157 2.22032;
1525006033900;0.357723 0.395906 2.33815;0.242908 0.280203 2.3521;0.22558 0.203627 2.35948;0.169665 -0.0314908 2.37096;0.086819 -0.349244 2.37671;0.341266 0.09812 2.46408;0.31105 -0.155469 2.46408;0.498064 -0.123713 2.34192;0.560078 -0.0859183 2.27162;0.620882 -0.060665 2.23558;
1525006033966;0.344961 0.410944 2.32531;0.247452 0.28564 2.34751;0.22912 0.208062 2.35699;0.172334 -0.0282484 2.37252;0.0930074 -0.346877 2.38622;0.34401 0.111411 2.47252;0.312965 -0.155422 2.47252;0.520357 -0.0718947 2.35197;0.573027 -0.0337061 2.29257;0.632801 0.00289868 2.25417;
1525006033999;0.33789 0.416568 2.32139;0.246029 0.288162 2.34515;0.228305 0.210341 2.35572;0.172662 -0.025968 2.37402;0.0966919 -0.34467 2.39356;0.343207 0.120713 2.4745;0.332235 -0.146578 2.4745;0.522548 -0.0659535 2.35486;0.583244 -0.0143627 2.29264;0.642422 0.0200951 2.25812;
1525006034033;0.327253 0.419969 2.31847;0.245009 0.288058 2.34601;0.227562 0.210583 2.35683;0.173094 -0.0243406 2.37836;0.100062 -0.342129 2.40044;0.342793 0.125705 2.4753;0.340761 -0.137961 2.4753;0.524536 -0.0564886 2.3609;0.58645 -0.00195089 2.29411;0.641415 0.0319643 2.25751;
1525006034065;0.292754 0.393893 2.34124;0.191326 0.280712 2.37224;0.18123 0.206283 2.38233;0.157721 -0.0229157 2.39379;0.102035 -0.339262 2.40642;0.34306 0.128545 2.47621;0.347486 -0.136535 2.47621;0.525418 -0.0500663 2.36597;0.584014 0.00763641 2.29692;0.641749 0.0416924 2.25976;
1525006034100;0.287843 0.39596 2.33922;0.190852 0.280787 2.37244;0.180874 0.206354 2.38258;0.154754 -0.0224063 2.39794;0.104343 -0.336949 2.41345;0.342754 0.133951 2.4778;0.350428 -0.135333 2.4778;0.525853 -0.0450027 2.36847;0.581794 0.0149254 2.30138;0.639963 0.051039 2.25863;
1525006034132;0.280874 0.396585 2.33917;0.186994 0.280401 2.37407;0.178286 0.206146 2.38419;0.152598 -0.0221015 2.40215;0.109232 -0.334666 2.42038;0.343108 0.137178 2.47862;0.353503 -0.133535 2.47862;0.526006 -0.0370089 2.37311;0.579439 0.0217419 2.30466;0.627743 0.0581769 2.2567;
1525006034166;0.277323 0.397434 2.33789;0.18644 0.280437 2.37456;0.17789 0.206233 2.38488;0.152483 -0.021564 2.40487;0.11301 -0.332824 2.4253;0.343117 0.140175 2.47872;0.356083 -0.13105 2.47872;0.524891 -0.032977 2.37723;0.579277 0.0267072 2.30184;0.625056 0.0621789 2.25975;
1525006034200;0.274277 0.398977 2.337;0.186586 0.280454 2.37473;0.178288 0.206295 2.38541;0.153945 -0.0211899 2.4077;0.117997 -0.331721 2.43094;0.344025 0.143402 2.47931;0.361034 -0.127154 2.47931;0.524709 -0.0299023 2.3794;0.577275 0.029273 2.30167;0.625248 0.0633217 2.26097;
1525006034230;0.271526 0.400162 2.33689;0.186462 0.280312 2.37533;0.178448 0.206154 2.38654;0.155591 -0.0211761 2.41133;0.123776 -0.33123 2.43708;0.345677 0.148414 2.47858;0.366888 -0.121319 2.47858;0.52407 -0.0285778 2.3824;0.576166 0.02603 2.30048;0.618979 0.0609446 2.25447;
1525006034265;0.269314 0.401202 2.3367;0.186732 0.280358 2.37603;0.179206 0.206264 2.38784;0.157954 -0.0208373 2.4144;0.128705 -0.330666 2.4412;0.348401 0.151873 2.47693;0.374498 -0.116873 2.47693;0.530788 -0.0229181 2.37327;0.573581 0.018286 2.29508;0.615054 0.0467066 2.24957;
1525006034300;0.268519 0.401642 2.33827;0.188343 0.280571 2.37917;0.181565 0.206656 2.39149;0.161738 -0.0199384 2.41853;0.134084 -0.329189 2.44453;0.352913 0.155539 2.47492;0.38018 -0.111931 2.47492;0.534506 -0.0244042 2.36725;0.576878 0.00498023 2.28596;0.611167 0.0329928 2.24182;
1525006034366;0.275508 0.40684 2.34174;0.198097 0.284126 2.3832;0.192282 0.210225 2.39599;0.173838 -0.0167411 2.42388;0.147603 -0.326797 2.45016;0.369703 0.154472 2.47157;0.390467 -0.116176 2.47157;0.542425 -0.0664184 2.35572;0.57598 -0.0427074 2.28371;0.602823 -0.0344213 2.21459;
1525006034400;0.285723 0.412102 2.34514;0.209817 0.287094 2.38544;0.203555 0.213076 2.3984;0.183613 -0.0141635 2.42668;0.155582 -0.324536 2.45315;0.379873 0.160669 2.46743;0.393171 -0.116258 2.46743;0.541791 -0.0848126 2.355;0.57773 -0.0765522 2.27783;0.601557 -0.0686415 2.22536;
1525006034433;0.297203 0.419462 2.34853;0.221303 0.292958 2.38758;0.21462 0.218223 2.40029;0.193384 -0.0109456 2.42793;0.163803 -0.323482 2.4536;0.389256 0.162336 2.4647;0.408228 -0.112567 2.4647;0.54401 -0.121506 2.34461;0.574748 -0.129622 2.26714;0.589954 -0.154042 2.19528;
1525006034467;0.31185 0.427237 2.35309;0.235843 0.298348 2.38979;0.229127 0.223207 2.40208;0.207613 -0.00727964 2.4285;0.177431 -0.321781 2.45249;0.4029 0.159789 2.46389;0.430337 -0.104204 2.46389;0.547961 -0.163738 2.32822;0.577134 -0.179827 2.24351;0.595651 -0.179353 2.15886;
1525006034500;0.326033 0.434309 2.35771;0.248292 0.302996 2.39067;0.242219 0.227751 2.40286;0.222638 -0.00319101 2.4289;0.194972 -0.318695 2.45219;0.417277 0.16643 2.46234;0.461451 -0.0960942 2.46234;0.568017 -0.2297 2.32708;0.570123 -0.221516 2.22371;0.581351 -0.26959 2.16873;
1525006034566;0.357454 0.453407 2.36795;0.274999 0.317881 2.39275;0.270298 0.242048 2.40503;0.255008 0.00918509 2.4314;0.233586 -0.309278 2.45518;0.442291 0.181156 2.45985;0.469223 -0.0538674 2.45985;0.561875 -0.249338 2.30872;0.573325 -0.312799 2.25468;0.579589 -0.375425 2.21893;
1525006034600;0.365257 0.458667 2.37021;0.282015 0.321467 2.3922;0.277016 0.245174 2.40467;0.2607 0.0110578 2.43155;0.237768 -0.308693 2.4558;0.449178 0.181635 2.45882;0.472939 -0.051258 2.45882;0.561858 -0.258923 2.3142;0.572679 -0.331801 2.27005;0.581258 -0.404857 2.24146;
1525006034633;0.370566 0.463448 2.37161;0.287679 0.324696 2.39184;0.283255 0.248085 2.40444;0.268878 0.0128718 2.43179;0.248915 -0.30885 2.45691;0.456899 0.185364 2.45639;0.476436 -0.0486923 2.45639;0.549151 -0.262514 2.35378;0.571416 -0.338697 2.29162;0.587093 -0.413113 2.25857;
1525006034667;0.376257 0.468431 2.37267;0.294491 0.32799 2.39157;0.29031 0.250998 2.40427;0.276469 0.0146103 2.43192;0.256751 -0.308613 2.45741;0.464314 0.187984 2.4534;0.478868 -0.0461728 2.4534;0.55978 -0.316172 2.34575;0.571422 -0.382808 2.29885;0.581917 -0.463665 2.28801;
1525006034699;0.379931 0.470719 2.37261;0.298462 0.328886 2.38968;0.29484 0.251766 2.4026;0.282962 0.0149194 2.43104;0.266428 -0.309085 2.45798;0.468906 0.188607 2.44993;0.481648 -0.0453861 2.44993;0.559377 -0.323363 2.3488;0.566611 -0.40073 2.31589;0.574359 -0.484124 2.29808;
1525006034731;0.382228 0.472532 2.37253;0.301878 0.329643 2.389;0.298737 0.252381 2.40215;0.288358 0.0150134 2.43143;0.273691 -0.309805 2.45969;0.473637 0.189037 2.44772;0.50378 -0.0668834 2.44772;0.55966 -0.357665 2.36658;0.56193 -0.429275 2.33798;0.561127 -0.512059 2.3293;
1525006034765;0.38269 0.473601 2.37139;0.303793 0.330318 2.38859;0.30077 0.252975 2.40184;0.29058 0.0153773 2.43136;0.275846 -0.309667 2.45981;0.478668 0.188352 2.444;0.507395 -0.0716704 2.444;0.559211 -0.363738 2.37475;0.555626 -0.442701 2.3585;0.55145 -0.5275 2.3475;
1525006034833;0.373382 0.474684 2.36385;0.304642 0.330264 2.38729;0.301679 0.252984 2.40067;0.291612 0.0155918 2.43051;0.277034 -0.309083 2.45921;0.490025 0.189149 2.4351;0.516018 -0.0771784 2.4351;0.5603 -0.383091 2.39969;0.548057 -0.451563 2.39792;0.536314 -0.539784 2.40034;
1525006034867;0.364322 0.475335 2.35722;0.306108 0.329357 2.38485;0.303068 0.252303 2.3986;0.292696 0.015472 2.42931;0.277775 -0.308686 2.45868;0.494797 0.189744 2.42642;0.519582 -0.0789573 2.42642;0.558858 -0.381971 2.40409;0.546417 -0.449189 2.41012;0.536652 -0.532987 2.42;
1525006034898;0.350965 0.474888 2.35009;0.30618 0.328131 2.38274;0.30326 0.251276 2.39668;0.293112 0.0149991 2.42791;0.278292 -0.308558 2.45777;0.49694 0.190333 2.41762;0.521046 -0.0788717 2.41762;0.555032 -0.375767 2.40905;0.545239 -0.443752 2.41563;0.541029 -0.521164 2.42983;
1525006034932;0.334818 0.474027 2.34266;0.304323 0.324749 2.37595;0.301701 0.248463 2.39038;0.292265 0.0137708 2.42299;0.277991 -0.308056 2.4543;0.492713 0.194017 2.40159;0.521648 -0.0747035 2.40159;0.550313 -0.3682 2.40866;0.542982 -0.439877 2.41254;0.537659 -0.515097 2.42487;
1525006034966;0.317305 0.473145 2.33579;0.302396 0.323898 2.37141;0.299703 0.247644 2.38584;0.290099 0.0132132 2.41862;0.275658 -0.307909 2.45053;0.485573 0.198098 2.3888;0.520754 -0.0728889 2.3888;0.548191 -0.367244 2.40766;0.539283 -0.437901 2.40435;0.533221 -0.519459 2.42303;
1525006034999;0.303069 0.471216 2.32934;0.298831 0.321296 2.36414;0.295873 0.24515 2.37837;0.285438 0.01122 2.4106;0.26975 -0.308765 2.44196;0.474519 0.201478 2.37576;0.517716 -0.0744139 2.37576;0.541278 -0.363731 2.40076;0.531523 -0.438534 2.39181;0.527531 -0.528041 2.41718;
1525006035031;0.283533 0.472522 2.32354;0.290184 0.320027 2.35365;0.287877 0.243751 2.36842;0.279293 0.00955323 2.40222;0.265759 -0.310506 2.43554;0.460708 0.204188 2.35962;0.514055 -0.0756368 2.35962;0.535344 -0.364644 2.38812;0.525617 -0.438572 2.3737;0.517669 -0.525741 2.38688;
1525006035065;0.263504 0.473383 2.31722;0.278209 0.319674 2.34402;0.276262 0.243143 2.35859;0.268906 0.00817209 2.39184;0.257226 -0.312862 2.42465;0.452587 0.205893 2.3518;0.507881 -0.0710183 2.3518;0.527695 -0.366726 2.36996;0.516124 -0.441161 2.35191;0.503812 -0.531062 2.36249;
1525006035099;0.239649 0.474571 2.31126;0.264436 0.319967 2.33376;0.263119 0.243108 2.34826;0.257652 0.00716104 2.38131;0.248399 -0.315132 2.41379;0.436972 0.206155 2.33895;0.49991 -0.0733269 2.33895;0.517008 -0.366563 2.34206;0.506226 -0.441476 2.32682;0.494155 -0.531647 2.33381;
1525006035165;0.182025 0.482883 2.30118;0.215515 0.322017 2.30888;0.216789 0.244141 2.32261;0.222642 0.00512181 2.35555;0.227435 -0.320636 2.38876;0.394452 0.206492 2.31011;0.468938 -0.0796251 2.31011;0.493491 -0.371784 2.28502;0.489832 -0.45391 2.27069;0.476735 -0.537224 2.27366;
1525006035198;0.170078 0.483361 2.29688;0.207769 0.323603 2.30479;0.209502 0.245465 2.31833;0.214073 0.00572806 2.34874;0.218019 -0.321897 2.37721;0.387214 0.206753 2.30618;0.461229 -0.0850348 2.30618;0.486551 -0.382498 2.26024;0.481025 -0.451147 2.23946;0.472352 -0.534164 2.243;
1525006035231;0.142767 0.485458 2.29206;0.190788 0.327703 2.29778;0.192727 0.249167 2.31054;0.197398 0.00805828 2.33819;0.202355 -0.32169 2.36302;0.360175 0.210487 2.28916;0.443012 -0.0837932 2.28916;0.475291 -0.383593 2.22389;0.469392 -0.44507 2.20722;0.462815 -0.5268 2.20827;
1525006035265;0.119005 0.489999 2.2882;0.168419 0.33155 2.29208;0.170768 0.252772 2.30371;0.176832 0.0107986 2.32809;0.183488 -0.320118 2.34841;0.34571 0.212656 2.27838;0.426984 -0.082431 2.27838;0.460003 -0.381343 2.19385;0.454377 -0.437327 2.17405;0.450823 -0.520606 2.17828;
1525006035301;0.0969542 0.492868 2.28613;0.153246 0.335062 2.28604;0.155733 0.256038 2.29689;0.162375 0.0132196 2.31887;0.170212 -0.318984 2.33604;0.32294 0.214732 2.26469;0.409929 -0.0770553 2.26469;0.436903 -0.358778 2.17075;0.434306 -0.430713 2.14032;0.433755 -0.512227 2.14272;
1525006035367;0.0405993 0.499793 2.28772;0.109292 0.341877 2.27438;0.111657 0.262361 2.28238;0.117609 0.0179096 2.29528;0.127095 -0.317111 2.30108;0.277748 0.221472 2.24004;0.370979 -0.0489504 2.24004;0.390947 -0.339052 2.10153;0.386939 -0.415504 2.06795;0.379197 -0.488512 2.05565;
1525006035400;0.034219 0.501365 2.28603;0.102827 0.343049 2.27195;0.105372 0.263414 2.27951;0.112275 0.0185625 2.2914;0.121561 -0.316866 2.29493;0.271943 0.222497 2.23644;0.365271 -0.0505935 2.23644;0.368137 -0.332831 2.07757;0.3605 -0.404593 2.0342;0.348435 -0.480467 2.02591;
1525006035465;-0.00222762 0.505181 2.28513;0.0701669 0.345738 2.26223;0.0728502 0.266017 2.26769;0.080339 0.0208329 2.27325;0.0890397 -0.315099 2.26706;0.237567 0.223206 2.21736;0.323901 -0.0277789 2.21736;0.319682 -0.286552 2.03726;0.309651 -0.369099 1.98299;0.298032 -0.442185 1.96046;
1525006035499;-0.0126841 0.505926 2.2837;0.0618828 0.346951 2.25884;0.0648888 0.267185 2.26383;0.0735164 0.0218393 2.26819;0.0843759 -0.314387 2.2614;0.231023 0.22361 2.21237;0.317736 -0.0344739 2.21237;0.296943 -0.291076 2.01236;0.273729 -0.368813 1.96955;0.259923 -0.431375 1.9328;
1525006035533;-0.0228407 0.50844 2.28096;0.0510339 0.348602 2.25472;0.0540834 0.268746 2.25903;0.0629631 0.0230877 2.26131;0.0745249 -0.313666 2.25189;0.219391 0.2254 2.20432;0.30299 -0.0222751 2.20432;0.280073 -0.275039 2.00163;0.248746 -0.355332 1.94821;0.232063 -0.420788 1.91439;
1525006035599;-0.0429307 0.511932 2.27306;0.0326623 0.352671 2.2456;0.0353668 0.272757 2.24871;0.0433625 0.0268273 2.24726;0.0539901 -0.310506 2.23263;0.191379 0.228589 2.18186;0.269719 -0.00339969 2.18186;0.233861 -0.24833 1.98763;0.193649 -0.337657 1.93039;0.177304 -0.396913 1.87771;
1525006035633;-0.0506635 0.513434 2.26829;0.0235167 0.353404 2.23958;0.0267556 0.273544 2.24261;0.0364094 0.0277478 2.24114;0.0491626 -0.309453 2.22692;0.185266 0.229764 2.17617;0.265744 -0.00111016 2.17617;0.219676 -0.255186 1.97921;0.175878 -0.34044 1.92686;0.148835 -0.400332 1.87435;
1525006035667;-0.0574251 0.513843 2.26276;0.0145442 0.352752 2.23259;0.0180221 0.272937 2.23558;0.0285303 0.0272694 2.23412;0.0426441 -0.309748 2.22016;0.174642 0.228972 2.16367;0.255689 0.00159009 2.16367;0.201361 -0.255178 1.97065;0.160024 -0.345681 1.92951;0.122447 -0.404414 1.87396;
1525006035700;-0.0653601 0.514975 2.25555;0.00507397 0.354319 2.22366;0.00865741 0.27454 2.22681;0.019567 0.0289523 2.22581;0.0343672 -0.307986 2.21254;0.164778 0.228539 2.15353;0.243605 0.00307792 2.15353;0.181691 -0.25948 1.96363;0.146886 -0.351756 1.933;0.101985 -0.411483 1.87778;
1525006035733;-0.0712652 0.514581 2.24524;-0.00120634 0.353772 2.21526;0.00198582 0.274094 2.21829;0.011679 0.0288188 2.21691;0.0247406 -0.307657 2.20309;0.153455 0.227003 2.14013;0.230992 0.00130929 2.14013;0.164904 -0.262638 1.95694;0.134309 -0.355916 1.93292;0.084997 -0.417603 1.87711;
1525006035768;-0.0767889 0.514965 2.23617;-0.00727243 0.354312 2.20597;-0.00443659 0.274525 2.20935;0.00419177 0.0288986 2.20897;0.0157703 -0.308087 2.19633;0.144469 0.225941 2.12732;0.222856 -1.20129e-05 2.12732;0.151614 -0.272592 1.95146;0.111007 -0.358245 1.90501;0.0823636 -0.425525 1.8781;
1525006035800;-0.0825858 0.516747 2.22396;-0.0127467 0.355796 2.19645;-0.0104884 0.276041 2.20008;-0.00366296 0.0304878 2.2004;0.00527685 -0.306399 2.18867;0.136546 0.22492 2.11578;0.2108 -0.002173 2.11578;0.149357 -0.262757 1.95107;0.111507 -0.350843 1.9103;0.0787281 -0.416364 1.86983;
1525006036000;-0.0992866 0.513604 2.10828;-0.0434211 0.353162 2.09378;-0.0446824 0.273429 2.10162;-0.0483149 0.0276763 2.11467;-0.0530099 -0.309662 2.11995;0.0917756 0.214604 2.01957;0.1624 -0.0173266 2.01957;0.11986 -0.279633 1.88609;0.0881769 -0.371261 1.83849;0.0693951 -0.438677 1.7973;
1525006036032;-0.0994416 0.513239 2.0998;-0.0442691 0.351787 2.08866;-0.0457046 0.272191 2.09667;-0.0498441 0.0268168 2.11019;-0.0552196 -0.310066 2.11592;0.0907108 0.212617 2.01303;0.160206 -0.0202582 2.01303;0.117927 -0.286637 1.87544;0.0860298 -0.376824 1.82577;0.0682395 -0.444661 1.78433;
1525006036065;-0.0995203 0.510366 2.0783;-0.0460857 0.349434 2.0715;-0.0484359 0.269901 2.07995;-0.0553511 0.0246657 2.09453;-0.0647353 -0.312109 2.10114;0.0879929 0.208158 1.99592;0.155252 -0.0276104 1.99592;0.117986 -0.287621 1.86562;0.0866411 -0.371325 1.81799;0.0769361 -0.442693 1.77037;
1525006036098;-0.0980261 0.506845 2.05265;-0.0476207 0.345313 2.04876;-0.0516821 0.266192 2.05752;-0.0639528 0.0221209 2.07271;-0.0814904 -0.313048 2.07946;0.0837072 0.204122 1.97466;0.149227 -0.0273916 1.97466;0.117455 -0.288589 1.84945;0.0874502 -0.374058 1.8075;0.0821311 -0.444607 1.76053;
1525006036134;-0.0950058 0.509061 2.03365;-0.0491248 0.345859 2.03156;-0.0542775 0.266884 2.03999;-0.0699705 0.0232751 2.0546;-0.0916905 -0.311303 2.0616;0.0805182 0.202013 1.95817;0.145612 -0.0297821 1.95817;0.116243 -0.291627 1.83565;0.0881862 -0.381721 1.79539;0.0801475 -0.450827 1.74967;
1525006036167;-0.0944959 0.508538 2.00965;-0.0519864 0.344884 2.01134;-0.0574031 0.265992 2.01931;-0.0737691 0.0226007 2.03279;-0.0959801 -0.31178 2.03854;0.0744626 0.200443 1.93639;0.139943 -0.0315399 1.93639;0.115179 -0.29365 1.82451;0.0904037 -0.381971 1.78734;0.0874507 -0.454302 1.74294;
1525006036233;-0.0913896 0.510429 1.95381;-0.0602664 0.348599 1.95882;-0.0653147 0.26985 1.96659;-0.0804427 0.0266704 1.97945;-0.100712 -0.307781 1.98419;0.0606286 0.202704 1.8867;0.124963 -0.0305703 1.8867;0.113989 -0.297688 1.78975;0.0914378 -0.393834 1.76229;0.0953835 -0.466912 1.72415;
1525006036267;-0.0907944 0.51196 1.94396;-0.0602881 0.351822 1.94988;-0.0656374 0.272813 1.95803;-0.0816082 0.0288702 1.97192;-0.102896 -0.306505 1.97775;0.0579184 0.203426 1.87934;0.122147 -0.0308456 1.87934;0.113677 -0.29814 1.78174;0.0907785 -0.389501 1.75226;0.097681 -0.464218 1.71494;
1525006036301;-0.0903851 0.514994 1.92094;-0.0633269 0.357382 1.92714;-0.0690899 0.2782 1.93542;-0.0863464 0.033554 1.94983;-0.109407 -0.303029 1.95649;0.0535025 0.205617 1.86101;0.114645 -0.0326559 1.86101;0.0987086 -0.346987 1.74306;0.0849549 -0.453486 1.7262;0.084324 -0.531647 1.72735;
1525006036333;-0.0909372 0.517777 1.90447;-0.0652877 0.359911 1.91112;-0.0714454 0.280791 1.91947;-0.0899333 0.036257 1.93406;-0.114752 -0.300296 1.94086;0.0494238 0.207177 1.84472;0.108981 -0.036343 1.84472;0.0972713 -0.352594 1.73693;0.0795092 -0.453209 1.71367;0.0773367 -0.533488 1.71431;
1525006036367;-0.092714 0.520904 1.88811;-0.0690581 0.362838 1.89298;-0.0754913 0.283791 1.90151;-0.0947967 0.0393803 1.91668;-0.120677 -0.297148 1.92431;0.0453823 0.208168 1.82811;0.102622 -0.038324 1.82811;0.0922051 -0.35474 1.72182;0.0744917 -0.451728 1.69863;0.072572 -0.531095 1.69674;
1525006036400;-0.095108 0.523427 1.87187;-0.0723363 0.365743 1.87659;-0.0789463 0.286724 1.88482;-0.0987976 0.0423042 1.89909;-0.125449 -0.294398 1.9055;0.0408354 0.209905 1.81238;0.0968376 -0.0415686 1.81238;0.0848518 -0.357773 1.70472;0.0668175 -0.451201 1.68201;0.0637157 -0.528653 1.68007;
1525006036501;-0.107935 0.529422 1.81889;-0.0829171 0.370123 1.82658;-0.0926665 0.291292 1.83502;-0.12208 0.0472189 1.84994;-0.161708 -0.289302 1.8571;0.0266574 0.21288 1.75961;0.0791299 -0.0334132 1.75961;0.0541595 -0.347173 1.64055;0.0368967 -0.444272 1.62168;0.0274089 -0.516304 1.61625;
1525006036533;-0.109355 0.52913 1.81562;-0.0838412 0.369743 1.82321;-0.093677 0.29098 1.83163;-0.123359 0.0471066 1.84649;-0.163377 -0.289145 1.85352;0.0264805 0.212851 1.75889;0.0781859 -0.0326055 1.75889;0.0486578 -0.34504 1.63227;0.0238388 -0.439981 1.60102;0.00920002 -0.517216 1.59921;
1525006036565;-0.112287 0.529526 1.80734;-0.0860976 0.36986 1.81485;-0.0963453 0.29117 1.82328;-0.127335 0.0474934 1.83812;-0.169319 -0.288512 1.84496;0.0237894 0.214548 1.75052;0.0739958 -0.0240371 1.75052;0.0377281 -0.334678 1.61403;0.0082588 -0.438314 1.5794;-0.00885519 -0.509972 1.57227;
1525006036598;-0.118249 0.530157 1.79614;-0.0879417 0.371014 1.80449;-0.098791 0.292467 1.81338;-0.13156 0.049191 1.82938;-0.176053 -0.286238 1.83736;0.0206284 0.215948 1.74015;0.0700767 -0.0203089 1.74015;0.0278373 -0.329403 1.59816;-0.00202405 -0.421613 1.56246;-0.0190464 -0.498354 1.54691;
1525006036630;-0.123581 0.531832 1.78686;-0.0920518 0.37197 1.79566;-0.103004 0.293316 1.80493;-0.13599 0.0496866 1.8222;-0.180457 -0.286222 1.83201;0.01747 0.218079 1.73096;0.0653259 -0.0183765 1.73096;0.0168497 -0.325688 1.58426;-0.0311168 -0.415174 1.56609;-0.0396647 -0.492321 1.52965;
1525006036666;-0.128373 0.531953 1.77915;-0.0958897 0.372481 1.78833;-0.106962 0.29394 1.798;-0.140289 0.0505994 1.81645;-0.185137 -0.285013 1.82778;0.0135645 0.219509 1.72336;0.0604775 -0.0168857 1.72336;0.00517912 -0.321604 1.56951;-0.0395741 -0.409764 1.55082;-0.0536492 -0.486863 1.51232;
1525006036701;-0.133985 0.532428 1.77103;-0.101597 0.372502 1.78003;-0.112454 0.293943 1.7903;-0.145113 0.0505362 1.81048;-0.189017 -0.285153 1.82397;0.01069 0.220522 1.7181;0.0551609 -0.0153931 1.7181;-0.00609998 -0.318334 1.55578;-0.0481646 -0.407049 1.529;-0.0678362 -0.481129 1.49331;
1525006036735;-0.139798 0.533156 1.7642;-0.105568 0.373202 1.77384;-0.116417 0.294613 1.7842;-0.149003 0.0510818 1.8048;-0.192668 -0.284813 1.81916;0.00808353 0.221333 1.71459;0.0498945 -0.0140298 1.71459;-0.0154836 -0.315329 1.54406;-0.0581097 -0.404789 1.50879;-0.0825528 -0.476189 1.47772;
1525006036765;-0.147095 0.534561 1.75736;-0.110941 0.374198 1.76733;-0.12167 0.295557 1.77798;-0.153878 0.0518502 1.79948;-0.197015 -0.284287 1.81502;0.00560031 0.222091 1.71174;0.0445537 -0.0126756 1.71174;-0.0257634 -0.311279 1.53144;-0.0687263 -0.402529 1.48692;-0.093587 -0.471508 1.4636;
1525006036800;-0.155569 0.535479 1.75069;-0.117346 0.375283 1.76025;-0.127969 0.296638 1.7712;-0.159816 0.0528844 1.7936;-0.202419 -0.283356 1.81036;-0.00820056 0.2258 1.6983;0.038276 -0.00884899 1.6983;-0.0362289 -0.305002 1.52015;-0.0772515 -0.399398 1.47364;-0.102952 -0.467391 1.45249;
1525006036834;-0.16418 0.535979 1.74567;-0.122847 0.375897 1.75614;-0.133346 0.297299 1.76726;-0.164793 0.053657 1.79018;-0.206837 -0.282472 1.80767;-0.0133692 0.227518 1.69465;0.0323994 -0.00693534 1.69465;-0.0437563 -0.301681 1.51259;-0.0857915 -0.39461 1.46322;-0.111588 -0.460682 1.44265;
1525006036866;-0.174158 0.535595 1.74009;-0.130018 0.376821 1.75253;-0.140321 0.298224 1.76371;-0.171136 0.0545695 1.78686;-0.212303 -0.281595 1.80473;-0.0187628 0.229188 1.69164;0.0266588 -0.00516904 1.69164;-0.0499499 -0.29949 1.50768;-0.0940072 -0.392863 1.45706;-0.118857 -0.458531 1.43595;
1525006036900;-0.18377 0.536229 1.73562;-0.141151 0.377659 1.74691;-0.150554 0.298991 1.75845;-0.178799 0.0551276 1.78263;-0.216998 -0.281274 1.80178;-0.0253538 0.231349 1.68917;0.0209181 -0.00282186 1.68917;-0.0563361 -0.296267 1.503;-0.101076 -0.389805 1.45335;-0.126459 -0.457273 1.43258;
1525006036933;-0.196743 0.536515 1.73101;-0.150978 0.377936 1.74341;-0.160111 0.299159 1.75503;-0.187274 0.0549677 1.77955;-0.223566 -0.281811 1.79929;-0.0318895 0.233211 1.68767;0.0156397 -0.000936812 1.68767;-0.0631198 -0.2928 1.49943;-0.108402 -0.388761 1.45109;-0.133811 -0.45615 1.4302;
1525006037000;-0.223548 0.535669 1.72665;-0.176945 0.377631 1.7396;-0.185511 0.298695 1.75094;-0.210754 0.0540134 1.77469;-0.24408 -0.283446 1.79361;-0.0516338 0.235426 1.68847;0.00144689 0.00207545 1.68847;-0.0713643 -0.290241 1.50003;-0.117878 -0.386158 1.45525;-0.144065 -0.452631 1.43235;
1525006037033;-0.234826 0.536699 1.72529;-0.187003 0.377448 1.74018;-0.195862 0.298472 1.75112;-0.221992 0.0536427 1.77358;-0.256568 -0.284122 1.79057;-0.0614913 0.235737 1.68997;-0.00789567 0.002158 1.68997;-0.0764069 -0.290439 1.50217;-0.121136 -0.38759 1.46091;-0.146438 -0.455251 1.43983;
1525006037066;-0.253848 0.535115 1.72516;-0.199666 0.376943 1.74149;-0.208026 0.297842 1.75176;-0.232729 0.0526562 1.77242;-0.265699 -0.285616 1.78729;-0.0732814 0.237725 1.69378;-0.0185314 0.00419736 1.69378;-0.0856006 -0.28008 1.52058;-0.118972 -0.375379 1.47109;-0.141053 -0.43686 1.44141;
1525006037100;-0.267974 0.534574 1.72655;-0.208423 0.376246 1.74305;-0.216928 0.29711 1.75268;-0.242079 0.0517915 1.77134;-0.275741 -0.286781 1.78317;-0.0862288 0.238515 1.69997;-0.0301798 0.004987 1.69997;-0.0806214 -0.255825 1.53756;-0.114766 -0.351619 1.49486;-0.13489 -0.411783 1.4498;
1525006037165;-0.310373 0.531696 1.73275;-0.262601 0.373263 1.75337;-0.269398 0.294159 1.76019;-0.283 0.0493133 1.77051;-0.30291 -0.288802 1.77445;-0.122617 0.237405 1.71595;-0.058319 0.00346978 1.71595;-0.0833436 -0.253763 1.5536;-0.108899 -0.352351 1.51121;-0.121164 -0.413402 1.46948;
1525006037233;-0.344605 0.53406 1.73808;-0.29162 0.374527 1.75838;-0.296958 0.295378 1.76459;-0.314276 0.0503358 1.77363;-0.334292 -0.288099 1.77335;-0.145935 0.237511 1.72794;-0.0870657 -0.00495485 1.72794;-0.0916495 -0.254894 1.59524;-0.105339 -0.35068 1.54647;-0.110158 -0.410925 1.50527;
1525006037267;-0.359294 0.534433 1.73938;-0.298759 0.374671 1.75932;-0.304799 0.295616 1.76562;-0.322151 0.0507515 1.77458;-0.343365 -0.287334 1.7741;-0.15766 0.23802 1.73324;-0.0942104 -0.00573229 1.73324;-0.0950184 -0.259133 1.60168;-0.104526 -0.357604 1.56139;-0.107342 -0.417904 1.52128;
1525006037300;-0.381392 0.534606 1.73932;-0.331846 0.37339 1.76361;-0.334424 0.294617 1.76947;-0.341531 0.0504193 1.77708;-0.352495 -0.287101 1.77521;-0.176514 0.240709 1.74084;-0.106266 -0.00953509 1.74084;-0.108893 -0.317284 1.60424;-0.109255 -0.403284 1.56909;-0.120761 -0.46875 1.54613;
1525006037334;-0.403422 0.532893 1.73981;-0.347274 0.371799 1.76573;-0.350449 0.293237 1.77196;-0.358065 0.0498642 1.78055;-0.365893 -0.286304 1.77927;-0.19014 0.241324 1.74632;-0.119237 -0.0173472 1.74632;-0.110313 -0.323106 1.60908;-0.108659 -0.393589 1.59258;-0.111249 -0.467698 1.57218;
1525006037435;-0.480849 0.513516 1.73543;-0.417954 0.361029 1.772;-0.418755 0.283016 1.77961;-0.418721 0.0414794 1.79239;-0.415679 -0.291638 1.79718;-0.251243 0.238245 1.76261;-0.16403 -0.0380739 1.76261;-0.127416 -0.34804 1.67079;-0.129053 -0.411948 1.65625;-0.128717 -0.490629 1.64319;
1525006037467;-0.488565 0.511368 1.73588;-0.423843 0.359625 1.77263;-0.424063 0.281754 1.78029;-0.422448 0.0406151 1.7932;-0.417752 -0.292076 1.79806;-0.256583 0.236993 1.76354;-0.166992 -0.0380633 1.76354;-0.131679 -0.349959 1.6769;-0.132529 -0.412781 1.67086;-0.133521 -0.481804 1.6549;
1525006037499;-0.505475 0.508554 1.73787;-0.43869 0.357597 1.7748;-0.438275 0.279856 1.78279;-0.434622 0.0391569 1.79663;-0.427167 -0.292882 1.80262;-0.270108 0.23578 1.76653;-0.177964 -0.0386804 1.76653;-0.142309 -0.352215 1.69247;-0.148407 -0.411648 1.69041;-0.142946 -0.483924 1.67563;
1525006037533;-0.522039 0.506423 1.7398;-0.453764 0.355954 1.77679;-0.452841 0.278382 1.78514;-0.447517 0.038237 1.80005;-0.437639 -0.292986 1.80749;-0.283651 0.235374 1.77049;-0.190621 -0.0422488 1.77049;-0.151066 -0.356195 1.70292;-0.160555 -0.411834 1.70429;-0.154317 -0.482677 1.69268;
1525006037568;-0.535014 0.506278 1.7435;-0.46739 0.355597 1.78069;-0.46559 0.278177 1.78858;-0.457598 0.0384819 1.80234;-0.444207 -0.292257 1.8087;-0.300736 0.23625 1.77483;-0.20486 -0.0431611 1.77483;-0.164447 -0.358475 1.71603;-0.17629 -0.410167 1.71562;-0.172893 -0.489272 1.71065;
1525006037633;-0.558943 0.512203 1.75498;-0.491547 0.358699 1.78857;-0.489732 0.281235 1.79603;-0.481251 0.0414939 1.80854;-0.466113 -0.289158 1.81328;-0.324415 0.239728 1.78609;-0.233004 -0.0414603 1.78609;-0.187726 -0.355924 1.72521;-0.201128 -0.404279 1.72033;-0.193981 -0.476557 1.71803;
